dataset_id,query_id,source_doc_id,document_version,source_unit_id,relevance_grade,gold_evidence_span,conflicting_unit_flag,conflict_group_id,annotation_notes
controlled_tier_a_v0.3,TIERA_Q001,TIERA_001,v1,TIERA_001_U01,2,Cedar Release Pipeline has a standard requests per minute of 637.,false,,
controlled_tier_a_v0.3,TIERA_Q003,TIERA_001,v1,TIERA_001_U02,2,The release pipeline records a verification window of 08:30-10:30 for its normal service cycle.,false,,
controlled_tier_a_v0.3,TIERA_Q004,TIERA_001,v1,TIERA_001_U01,2,Cedar Release Pipeline has a standard requests per minute of 637.,false,,
controlled_tier_a_v0.3,TIERA_Q004,TIERA_001,v1,TIERA_001_U04,2,A secondary record assigns backup capacity of 131 to the same Cedar Release Pipeline operation.,false,,
controlled_tier_a_v0.3,TIERA_Q005,TIERA_001,v1,TIERA_001_U05,2,The related support window is listed for the cedar release pipeline service during 13:00-15:00.,false,,
controlled_tier_a_v0.3,TIERA_Q006,TIERA_002,v1,TIERA_002_U01,2,Maple API Gateway has a standard requests per minute of 674.,false,,
controlled_tier_a_v0.3,TIERA_Q008,TIERA_002,v1,TIERA_002_U02,2,The api gateway records a verification window of 09:00-11:00 for its normal service cycle.,false,,
controlled_tier_a_v0.3,TIERA_Q009,TIERA_002,v1,TIERA_002_U01,2,Maple API Gateway has a standard requests per minute of 674.,false,,
controlled_tier_a_v0.3,TIERA_Q009,TIERA_002,v1,TIERA_002_U04,2,A secondary record assigns backup capacity of 142 to the same Maple API Gateway operation.,false,,
controlled_tier_a_v0.3,TIERA_Q010,TIERA_002,v1,TIERA_002_U05,2,The related support window is listed for the maple api gateway service during 14:00-16:00.,false,,
controlled_tier_a_v0.3,TIERA_Q011,TIERA_003,v1,TIERA_003_U01,2,Harbor Storage Service has a standard requests per minute of 711.,false,,
controlled_tier_a_v0.3,TIERA_Q013,TIERA_003,v1,TIERA_003_U02,2,The storage service records a verification window of 09:30-11:30 for its normal service cycle.,false,,
controlled_tier_a_v0.3,TIERA_Q014,TIERA_003,v1,TIERA_003_U01,2,Harbor Storage Service has a standard requests per minute of 711.,false,,
controlled_tier_a_v0.3,TIERA_Q014,TIERA_003,v1,TIERA_003_U04,2,A secondary record assigns backup capacity of 153 to the same Harbor Storage Service operation.,false,,
controlled_tier_a_v0.3,TIERA_Q015,TIERA_003,v1,TIERA_003_U05,2,The related support window is listed for the harbor storage service service during 15:00-17:00.,false,,
controlled_tier_a_v0.3,TIERA_Q016,TIERA_004,v1,TIERA_004_U01,2,Northstar Notification Platform has a standard requests per minute of 748.,false,,
controlled_tier_a_v0.3,TIERA_Q018,TIERA_004,v1,TIERA_004_U02,2,The notification platform records a verification window of 10:00-12:00 for its normal service cycle.,false,,
controlled_tier_a_v0.3,TIERA_Q019,TIERA_004,v1,TIERA_004_U01,2,Northstar Notification Platform has a standard requests per minute of 748.,false,,
controlled_tier_a_v0.3,TIERA_Q019,TIERA_004,v1,TIERA_004_U04,2,A secondary record assigns backup capacity of 164 to the same Northstar Notification Platform operation.,false,,
controlled_tier_a_v0.3,TIERA_Q020,TIERA_004,v1,TIERA_004_U05,2,The related support window is listed for the northstar notification platform service during 16:00-18:00.,false,,
controlled_tier_a_v0.3,TIERA_Q021,TIERA_005,v1,TIERA_005_U01,2,Juniper Monitoring Service has a standard requests per minute of 785.,false,,
controlled_tier_a_v0.3,TIERA_Q023,TIERA_005,v1,TIERA_005_U02,2,The monitoring service records a verification window of 13:00-15:00 for its normal service cycle.,false,,
controlled_tier_a_v0.3,TIERA_Q024,TIERA_005,v1,TIERA_005_U01,2,Juniper Monitoring Service has a standard requests per minute of 785.,false,,
controlled_tier_a_v0.3,TIERA_Q024,TIERA_005,v1,TIERA_005_U04,2,A secondary record assigns backup capacity of 175 to the same Juniper Monitoring Service operation.,false,,
controlled_tier_a_v0.3,TIERA_Q025,TIERA_005,v1,TIERA_005_U05,2,The related support window is listed for the juniper monitoring service service during 10:00-12:00.,false,,
controlled_tier_a_v0.3,TIERA_Q026,TIERA_006,v1,TIERA_006_U01,2,Riverside Identity Platform has a standard requests per minute of 822.,false,,
controlled_tier_a_v0.3,TIERA_Q028,TIERA_006,v1,TIERA_006_U02,2,The identity platform records a verification window of 14:00-16:00 for its normal service cycle.,false,,
controlled_tier_a_v0.3,TIERA_Q029,TIERA_006,v1,TIERA_006_U01,2,Riverside Identity Platform has a standard requests per minute of 822.,false,,
controlled_tier_a_v0.3,TIERA_Q029,TIERA_006,v1,TIERA_006_U04,2,A secondary record assigns backup capacity of 186 to the same Riverside Identity Platform operation.,false,,
controlled_tier_a_v0.3,TIERA_Q030,TIERA_006,v1,TIERA_006_U05,2,The related support window is listed for the riverside identity platform service during 11:00-13:00.,false,,
controlled_tier_a_v0.3,TIERA_Q031,TIERA_007,v1,TIERA_007_U01,2,Cedar Community Clinic has a standard appointments per weekday of 859.,false,,
controlled_tier_a_v0.3,TIERA_Q033,TIERA_007,v1,TIERA_007_U02,2,The community clinic records a intake window of 08:30-10:30 for its normal service cycle.,false,,
controlled_tier_a_v0.3,TIERA_Q034,TIERA_007,v1,TIERA_007_U01,2,Cedar Community Clinic has a standard appointments per weekday of 859.,false,,
controlled_tier_a_v0.3,TIERA_Q034,TIERA_007,v1,TIERA_007_U04,2,A secondary record assigns same-day reserve slots of 197 to the same Cedar Community Clinic operation.,false,,
controlled_tier_a_v0.3,TIERA_Q035,TIERA_007,v1,TIERA_007_U05,2,The related follow-up window is listed for the cedar community clinic service during 13:00-15:00.,false,,
controlled_tier_a_v0.3,TIERA_Q036,TIERA_008,v1,TIERA_008_U01,2,Maple Vaccination Center has a standard appointments per weekday of 896.,false,,
controlled_tier_a_v0.3,TIERA_Q038,TIERA_008,v1,TIERA_008_U02,2,The vaccination center records a intake window of 09:00-11:00 for its normal service cycle.,false,,
controlled_tier_a_v0.3,TIERA_Q039,TIERA_008,v1,TIERA_008_U01,2,Maple Vaccination Center has a standard appointments per weekday of 896.,false,,
controlled_tier_a_v0.3,TIERA_Q039,TIERA_008,v1,TIERA_008_U04,2,A secondary record assigns same-day reserve slots of 208 to the same Maple Vaccination Center operation.,false,,
controlled_tier_a_v0.3,TIERA_Q040,TIERA_008,v1,TIERA_008_U05,2,The related follow-up window is listed for the maple vaccination center service during 14:00-16:00.,false,,
controlled_tier_a_v0.3,TIERA_Q041,TIERA_009,v1,TIERA_009_U01,2,Harbor Diagnostic Lab has a standard appointments per weekday of 933.,false,,
controlled_tier_a_v0.3,TIERA_Q042,TIERA_009,v1,TIERA_009_U02,2,The diagnostic lab records a intake window of 09:30-11:30 for its normal service cycle.,false,,
controlled_tier_a_v0.3,TIERA_Q044,TIERA_009,v1,TIERA_009_U01,2,Harbor Diagnostic Lab has a standard appointments per weekday of 933.,false,,
controlled_tier_a_v0.3,TIERA_Q044,TIERA_009,v1,TIERA_009_U04,2,A secondary record assigns same-day reserve slots of 219 to the same Harbor Diagnostic Lab operation.,false,,
controlled_tier_a_v0.3,TIERA_Q045,TIERA_009,v1,TIERA_009_U05,2,The related follow-up window is listed for the harbor diagnostic lab service during 15:00-17:00.,false,,
controlled_tier_a_v0.3,TIERA_Q046,TIERA_010,v1,TIERA_010_U01,2,Northstar Health Outreach Unit has a standard appointments per weekday of 970.,false,,
controlled_tier_a_v0.3,TIERA_Q047,TIERA_010,v1,TIERA_010_U02,2,The health outreach unit records a intake window of 10:00-12:00 for its normal service cycle.,false,,
controlled_tier_a_v0.3,TIERA_Q049,TIERA_010,v1,TIERA_010_U01,2,Northstar Health Outreach Unit has a standard appointments per weekday of 970.,false,,
controlled_tier_a_v0.3,TIERA_Q049,TIERA_010,v1,TIERA_010_U04,2,A secondary record assigns same-day reserve slots of 230 to the same Northstar Health Outreach Unit operation.,false,,
controlled_tier_a_v0.3,TIERA_Q050,TIERA_010,v1,TIERA_010_U05,2,The related follow-up window is listed for the northstar health outreach unit service during 16:00-18:00.,false,,
controlled_tier_a_v0.3,TIERA_Q051,TIERA_011,v1,TIERA_011_U01,2,Juniper Rehabilitation Center has a standard appointments per weekday of 1007.,false,,
controlled_tier_a_v0.3,TIERA_Q052,TIERA_011,v1,TIERA_011_U02,2,The rehabilitation center records a intake window of 13:00-15:00 for its normal service cycle.,false,,
controlled_tier_a_v0.3,TIERA_Q054,TIERA_011,v1,TIERA_011_U01,2,Juniper Rehabilitation Center has a standard appointments per weekday of 1007.,false,,
controlled_tier_a_v0.3,TIERA_Q054,TIERA_011,v1,TIERA_011_U04,2,A secondary record assigns same-day reserve slots of 241 to the same Juniper Rehabilitation Center operation.,false,,
controlled_tier_a_v0.3,TIERA_Q055,TIERA_011,v1,TIERA_011_U05,2,The related follow-up window is listed for the juniper rehabilitation center service during 10:00-12:00.,false,,
controlled_tier_a_v0.3,TIERA_Q056,TIERA_012,v1,TIERA_012_U01,2,Riverside Nutrition Program has a standard appointments per weekday of 1044.,false,,
controlled_tier_a_v0.3,TIERA_Q057,TIERA_012,v1,TIERA_012_U02,2,The nutrition program records a intake window of 14:00-16:00 for its normal service cycle.,false,,
controlled_tier_a_v0.3,TIERA_Q059,TIERA_012,v1,TIERA_012_U01,2,Riverside Nutrition Program has a standard appointments per weekday of 1044.,false,,
controlled_tier_a_v0.3,TIERA_Q059,TIERA_012,v1,TIERA_012_U04,2,A secondary record assigns same-day reserve slots of 252 to the same Riverside Nutrition Program operation.,false,,
controlled_tier_a_v0.3,TIERA_Q060,TIERA_012,v1,TIERA_012_U05,2,The related follow-up window is listed for the riverside nutrition program service during 11:00-13:00.,false,,
controlled_tier_a_v0.3,TIERA_Q061,TIERA_013,v1,TIERA_013_U01,2,Cedar Savings Product operates with a standard units processed per day of 1081 per.,false,,
controlled_tier_a_v0.3,TIERA_Q062,TIERA_013,v1,TIERA_013_U02,2,The savings product records a processing window of 08:30-10:30 for its normal service cycle.,false,,
controlled_tier_a_v0.3,TIERA_Q064,TIERA_013,v1,TIERA_013_U01,2,Cedar Savings Product operates with a standard units processed per day of 1081 per.,false,,
controlled_tier_a_v0.3,TIERA_Q064,TIERA_013,v1,TIERA_013_U04,2,A secondary record assigns manual-review reserve of 263 to the same Cedar Savings Product operation.,false,,
controlled_tier_a_v0.3,TIERA_Q065,TIERA_013,v1,TIERA_013_U05,2,The related support window is listed for the cedar savings product service during 13:00-15:00.,false,,
controlled_tier_a_v0.3,TIERA_Q066,TIERA_014,v1,TIERA_014_U01,2,Maple Card Service operates with a standard units processed per day of 1118 per.,false,,
controlled_tier_a_v0.3,TIERA_Q067,TIERA_014,v1,TIERA_014_U02,2,The card service records a processing window of 09:00-11:00 for its normal service cycle.,false,,
controlled_tier_a_v0.3,TIERA_Q069,TIERA_014,v1,TIERA_014_U01,2,Maple Card Service operates with a standard units processed per day of 1118 per.,false,,
controlled_tier_a_v0.3,TIERA_Q069,TIERA_014,v1,TIERA_014_U04,2,A secondary record assigns manual-review reserve of 274 to the same Maple Card Service operation.,false,,
controlled_tier_a_v0.3,TIERA_Q070,TIERA_014,v1,TIERA_014_U05,2,The related support window is listed for the maple card service service during 14:00-16:00.,false,,
controlled_tier_a_v0.3,TIERA_Q071,TIERA_015,v1,TIERA_015_U01,2,Harbor Remittance Service operates with a standard units processed per day of 1155 per.,false,,
controlled_tier_a_v0.3,TIERA_Q072,TIERA_015,v1,TIERA_015_U02,2,The remittance service records a processing window of 09:30-11:30 for its normal service cycle.,false,,
controlled_tier_a_v0.3,TIERA_Q074,TIERA_015,v1,TIERA_015_U01,2,Harbor Remittance Service operates with a standard units processed per day of 1155 per.,false,,
controlled_tier_a_v0.3,TIERA_Q074,TIERA_015,v1,TIERA_015_U04,2,A secondary record assigns manual-review reserve of 285 to the same Harbor Remittance Service operation.,false,,
controlled_tier_a_v0.3,TIERA_Q075,TIERA_015,v1,TIERA_015_U05,2,The related support window is listed for the harbor remittance service service during 15:00-17:00.,false,,
controlled_tier_a_v0.3,TIERA_Q076,TIERA_016,v1,TIERA_016_U01,2,Northstar Invoice Platform operates with a standard units processed per day of 1192 per.,false,,
controlled_tier_a_v0.3,TIERA_Q077,TIERA_016,v1,TIERA_016_U02,2,The invoice platform records a processing window of 10:00-12:00 for its normal service cycle.,false,,
controlled_tier_a_v0.3,TIERA_Q079,TIERA_016,v1,TIERA_016_U01,2,Northstar Invoice Platform operates with a standard units processed per day of 1192 per.,false,,
controlled_tier_a_v0.3,TIERA_Q079,TIERA_016,v1,TIERA_016_U04,2,A secondary record assigns manual-review reserve of 296 to the same Northstar Invoice Platform operation.,false,,
controlled_tier_a_v0.3,TIERA_Q080,TIERA_016,v1,TIERA_016_U05,2,The related support window is listed for the northstar invoice platform service during 16:00-18:00.,false,,
controlled_tier_a_v0.3,TIERA_Q081,TIERA_017,v1,TIERA_017_U01,2,Juniper Budget Program operates with a standard units processed per day of 1229 per.,false,,
controlled_tier_a_v0.3,TIERA_Q082,TIERA_017,v1,TIERA_017_U02,2,The budget program records a processing window of 13:00-15:00 for its normal service cycle.,false,,
controlled_tier_a_v0.3,TIERA_Q083,TIERA_017,v1,TIERA_017_U02,2,The budget program records a processing window of 13:00-15:00 for its normal service cycle.,false,,
controlled_tier_a_v0.3,TIERA_Q084,TIERA_017,v1,TIERA_017_U01,2,Juniper Budget Program operates with a standard units processed per day of 1229 per.,false,,
controlled_tier_a_v0.3,TIERA_Q084,TIERA_017,v1,TIERA_017_U04,2,A secondary record assigns manual-review reserve of 307 to the same Juniper Budget Program operation.,false,,
controlled_tier_a_v0.3,TIERA_Q086,TIERA_018,v1,TIERA_018_U01,2,Riverside Credit Education operates with a standard units processed per day of 1266 per.,false,,
controlled_tier_a_v0.3,TIERA_Q087,TIERA_018,v1,TIERA_018_U02,2,The credit education records a processing window of 14:00-16:00 for its normal service cycle.,false,,
controlled_tier_a_v0.3,TIERA_Q088,TIERA_018,v1,TIERA_018_U02,2,The credit education records a processing window of 14:00-16:00 for its normal service cycle.,false,,
controlled_tier_a_v0.3,TIERA_Q089,TIERA_018,v1,TIERA_018_U01,2,Riverside Credit Education operates with a standard units processed per day of 1266 per.,false,,
controlled_tier_a_v0.3,TIERA_Q089,TIERA_018,v1,TIERA_018_U04,2,A secondary record assigns manual-review reserve of 318 to the same Riverside Credit Education operation.,false,,
controlled_tier_a_v0.3,TIERA_Q091,TIERA_019,v1,TIERA_019_U01,2,Cedar Metro Line has a standard units handled per departure of 1303.,false,,
controlled_tier_a_v0.3,TIERA_Q092,TIERA_019,v1,TIERA_019_U02,2,The metro line records a boarding cutoff of 08:30-10:30 for its normal service cycle.,false,,
controlled_tier_a_v0.3,TIERA_Q093,TIERA_019,v1,TIERA_019_U02,2,The metro line records a boarding cutoff of 08:30-10:30 for its normal service cycle.,false,,
controlled_tier_a_v0.3,TIERA_Q094,TIERA_019,v1,TIERA_019_U01,2,Cedar Metro Line has a standard units handled per departure of 1303.,false,,
controlled_tier_a_v0.3,TIERA_Q094,TIERA_019,v1,TIERA_019_U04,2,A secondary record assigns standby capacity of 329 to the same Cedar Metro Line operation.,false,,
controlled_tier_a_v0.3,TIERA_Q096,TIERA_020,v1,TIERA_020_U01,2,Maple Bus Network has a standard units handled per departure of 1340.,false,,
controlled_tier_a_v0.3,TIERA_Q097,TIERA_020,v1,TIERA_020_U02,2,The bus network records a boarding cutoff of 09:00-11:00 for its normal service cycle.,false,,
controlled_tier_a_v0.3,TIERA_Q098,TIERA_020,v1,TIERA_020_U02,2,The bus network records a boarding cutoff of 09:00-11:00 for its normal service cycle.,false,,
controlled_tier_a_v0.3,TIERA_Q099,TIERA_020,v1,TIERA_020_U01,2,Maple Bus Network has a standard units handled per departure of 1340.,false,,
controlled_tier_a_v0.3,TIERA_Q099,TIERA_020,v1,TIERA_020_U04,2,A secondary record assigns standby capacity of 340 to the same Maple Bus Network operation.,false,,
controlled_tier_a_v0.3,TIERA_Q101,TIERA_021,v1,TIERA_021_U01,2,Harbor Freight Terminal has a standard units handled per departure of 1377.,false,,
controlled_tier_a_v0.3,TIERA_Q102,TIERA_021,v1,TIERA_021_U02,2,The freight terminal records a boarding cutoff of 09:30-11:30 for its normal service cycle.,false,,
controlled_tier_a_v0.3,TIERA_Q103,TIERA_021,v1,TIERA_021_U02,2,The freight terminal records a boarding cutoff of 09:30-11:30 for its normal service cycle.,false,,
controlled_tier_a_v0.3,TIERA_Q104,TIERA_021,v1,TIERA_021_U01,2,Harbor Freight Terminal has a standard units handled per departure of 1377.,false,,
controlled_tier_a_v0.3,TIERA_Q104,TIERA_021,v1,TIERA_021_U04,2,A secondary record assigns standby capacity of 351 to the same Harbor Freight Terminal operation.,false,,
controlled_tier_a_v0.3,TIERA_Q106,TIERA_022,v1,TIERA_022_U01,2,Northstar Parcel Hub has a standard units handled per departure of 1414.,false,,
controlled_tier_a_v0.3,TIERA_Q107,TIERA_022,v1,TIERA_022_U02,2,The parcel hub records a boarding cutoff of 10:00-12:00 for its normal service cycle.,false,,
controlled_tier_a_v0.3,TIERA_Q108,TIERA_022,v1,TIERA_022_U02,2,The parcel hub records a boarding cutoff of 10:00-12:00 for its normal service cycle.,false,,
controlled_tier_a_v0.3,TIERA_Q109,TIERA_022,v1,TIERA_022_U01,2,Northstar Parcel Hub has a standard units handled per departure of 1414.,false,,
controlled_tier_a_v0.3,TIERA_Q109,TIERA_022,v1,TIERA_022_U04,2,A secondary record assigns standby capacity of 362 to the same Northstar Parcel Hub operation.,false,,
controlled_tier_a_v0.3,TIERA_Q111,TIERA_023,v1,TIERA_023_U01,2,Juniper Bike Share has a standard units handled per departure of 1451.,false,,
controlled_tier_a_v0.3,TIERA_Q112,TIERA_023,v1,TIERA_023_U02,2,The bike share records a boarding cutoff of 13:00-15:00 for its normal service cycle.,false,,
controlled_tier_a_v0.3,TIERA_Q113,TIERA_023,v1,TIERA_023_U02,2,The bike share records a boarding cutoff of 13:00-15:00 for its normal service cycle.,false,,
controlled_tier_a_v0.3,TIERA_Q114,TIERA_023,v1,TIERA_023_U01,2,Juniper Bike Share has a standard units handled per departure of 1451.,false,,
controlled_tier_a_v0.3,TIERA_Q114,TIERA_023,v1,TIERA_023_U04,2,A secondary record assigns standby capacity of 373 to the same Juniper Bike Share operation.,false,,
controlled_tier_a_v0.3,TIERA_Q116,TIERA_024,v1,TIERA_024_U01,2,Riverside Ferry Service has a standard units handled per departure of 1488.,false,,
controlled_tier_a_v0.3,TIERA_Q117,TIERA_024,v1,TIERA_024_U02,2,The ferry service records a boarding cutoff of 14:00-16:00 for its normal service cycle.,false,,
controlled_tier_a_v0.3,TIERA_Q118,TIERA_024,v1,TIERA_024_U02,2,The ferry service records a boarding cutoff of 14:00-16:00 for its normal service cycle.,false,,
controlled_tier_a_v0.3,TIERA_Q119,TIERA_024,v1,TIERA_024_U01,2,Riverside Ferry Service has a standard units handled per departure of 1488.,false,,
controlled_tier_a_v0.3,TIERA_Q119,TIERA_024,v1,TIERA_024_U04,2,A secondary record assigns standby capacity of 384 to the same Riverside Ferry Service operation.,false,,
controlled_tier_a_v0.3,TIERA_Q121,TIERA_025,v1,TIERA_025_U01,2,Cedar Training Center has a standard standard seats of 1525.,true,CG_TIERA_Q121,
controlled_tier_a_v0.3,TIERA_Q121,TIERA_025,v1,TIERA_025_U04,2,A secondary record assigns reserve seats of 395 to the same Cedar Training Center operation. A separate entry in the same record lists the standard standard seats as 1662.,true,CG_TIERA_Q121,
controlled_tier_a_v0.3,TIERA_Q122,TIERA_025,v1,TIERA_025_U02,2,The training center records a submission window of 08:30-10:30 for its normal service cycle.,false,,
controlled_tier_a_v0.3,TIERA_Q123,TIERA_025,v1,TIERA_025_U02,2,The training center records a submission window of 08:30-10:30 for its normal service cycle.,false,,
controlled_tier_a_v0.3,TIERA_Q124,TIERA_025,v1,TIERA_025_U01,2,Cedar Training Center has a standard standard seats of 1525.,false,,
controlled_tier_a_v0.3,TIERA_Q124,TIERA_025,v1,TIERA_025_U04,2,A secondary record assigns reserve seats of 395 to the same Cedar Training Center operation. A separate entry in the same record lists the standard standard seats as 1662.,false,,
controlled_tier_a_v0.3,TIERA_Q125,TIERA_025,v1,TIERA_025_U05,2,The related support window is listed for the cedar training center service during 13:00-15:00.,false,,
controlled_tier_a_v0.3,TIERA_Q126,TIERA_026,v1,TIERA_026_U01,2,Maple University Course has a standard standard seats of 1562.,true,CG_TIERA_Q126,
controlled_tier_a_v0.3,TIERA_Q126,TIERA_026,v1,TIERA_026_U04,2,A secondary record assigns reserve seats of 406 to the same Maple University Course operation. A separate entry in the same record lists the standard standard seats as 1699.,true,CG_TIERA_Q126,
controlled_tier_a_v0.3,TIERA_Q127,TIERA_026,v1,TIERA_026_U02,2,The university course records a submission window of 09:00-11:00 for its normal service cycle.,false,,
controlled_tier_a_v0.3,TIERA_Q128,TIERA_026,v1,TIERA_026_U02,2,The university course records a submission window of 09:00-11:00 for its normal service cycle.,false,,
controlled_tier_a_v0.3,TIERA_Q129,TIERA_026,v1,TIERA_026_U01,2,Maple University Course has a standard standard seats of 1562.,false,,
controlled_tier_a_v0.3,TIERA_Q129,TIERA_026,v1,TIERA_026_U04,2,A secondary record assigns reserve seats of 406 to the same Maple University Course operation. A separate entry in the same record lists the standard standard seats as 1699.,false,,
controlled_tier_a_v0.3,TIERA_Q130,TIERA_026,v1,TIERA_026_U05,2,The related support window is listed for the maple university course service during 14:00-16:00.,false,,
controlled_tier_a_v0.3,TIERA_Q131,TIERA_027,v1,TIERA_027_U01,2,Harbor Language Program has a standard standard seats of 1599.,true,CG_TIERA_Q131,
controlled_tier_a_v0.3,TIERA_Q131,TIERA_027,v1,TIERA_027_U04,2,A secondary record assigns reserve seats of 417 to the same Harbor Language Program operation. A separate entry in the same record lists the standard standard seats as 1736.,true,CG_TIERA_Q131,
controlled_tier_a_v0.3,TIERA_Q132,TIERA_027,v1,TIERA_027_U02,2,The language program records a submission window of 09:30-11:30 for its normal service cycle.,false,,
controlled_tier_a_v0.3,TIERA_Q133,TIERA_027,v1,TIERA_027_U02,2,The language program records a submission window of 09:30-11:30 for its normal service cycle.,false,,
controlled_tier_a_v0.3,TIERA_Q134,TIERA_027,v1,TIERA_027_U01,2,Harbor Language Program has a standard standard seats of 1599.,false,,
controlled_tier_a_v0.3,TIERA_Q134,TIERA_027,v1,TIERA_027_U04,2,A secondary record assigns reserve seats of 417 to the same Harbor Language Program operation. A separate entry in the same record lists the standard standard seats as 1736.,false,,
controlled_tier_a_v0.3,TIERA_Q135,TIERA_027,v1,TIERA_027_U05,2,The related support window is listed for the harbor language program service during 15:00-17:00.,false,,
controlled_tier_a_v0.3,TIERA_Q136,TIERA_028,v1,TIERA_028_U01,2,Northstar Certification Program has a standard standard seats of 1636.,true,CG_TIERA_Q136,
controlled_tier_a_v0.3,TIERA_Q136,TIERA_028,v1,TIERA_028_U04,2,A secondary record assigns reserve seats of 428 to the same Northstar Certification Program operation. A separate entry in the same record lists the standard standard seats as 1773.,true,CG_TIERA_Q136,
controlled_tier_a_v0.3,TIERA_Q137,TIERA_028,v1,TIERA_028_U02,2,The certification program records a submission window of 10:00-12:00 for its normal service cycle.,false,,
controlled_tier_a_v0.3,TIERA_Q138,TIERA_028,v1,TIERA_028_U02,2,The certification program records a submission window of 10:00-12:00 for its normal service cycle.,false,,
controlled_tier_a_v0.3,TIERA_Q139,TIERA_028,v1,TIERA_028_U01,2,Northstar Certification Program has a standard standard seats of 1636.,false,,
controlled_tier_a_v0.3,TIERA_Q139,TIERA_028,v1,TIERA_028_U04,2,A secondary record assigns reserve seats of 428 to the same Northstar Certification Program operation. A separate entry in the same record lists the standard standard seats as 1773.,false,,
controlled_tier_a_v0.3,TIERA_Q140,TIERA_028,v1,TIERA_028_U05,2,The related support window is listed for the northstar certification program service during 16:00-18:00.,false,,
controlled_tier_a_v0.3,TIERA_Q141,TIERA_029,v1,TIERA_029_U01,2,Juniper Online Workshop has a standard standard seats of 1673.,true,CG_TIERA_Q141,
controlled_tier_a_v0.3,TIERA_Q141,TIERA_029,v1,TIERA_029_U04,2,A secondary record assigns reserve seats of 439 to the same Juniper Online Workshop operation. A separate entry in the same record lists the standard standard seats as 1810.,true,CG_TIERA_Q141,
controlled_tier_a_v0.3,TIERA_Q142,TIERA_029,v1,TIERA_029_U02,2,The online workshop records a submission window of 13:00-15:00 for its normal service cycle.,false,,
controlled_tier_a_v0.3,TIERA_Q143,TIERA_029,v1,TIERA_029_U02,2,The online workshop records a submission window of 13:00-15:00 for its normal service cycle.,false,,
controlled_tier_a_v0.3,TIERA_Q144,TIERA_029,v1,TIERA_029_U01,2,Juniper Online Workshop has a standard standard seats of 1673.,false,,
controlled_tier_a_v0.3,TIERA_Q144,TIERA_029,v1,TIERA_029_U04,2,A secondary record assigns reserve seats of 439 to the same Juniper Online Workshop operation. A separate entry in the same record lists the standard standard seats as 1810.,false,,
controlled_tier_a_v0.3,TIERA_Q145,TIERA_029,v1,TIERA_029_U05,2,The related support window is listed for the juniper online workshop service during 10:00-12:00.,false,,
controlled_tier_a_v0.3,TIERA_Q146,TIERA_030,v1,TIERA_030_U01,2,Riverside Library Program has a standard standard seats of 1710.,true,CG_TIERA_Q146,
controlled_tier_a_v0.3,TIERA_Q146,TIERA_030,v1,TIERA_030_U04,2,A secondary record assigns reserve seats of 450 to the same Riverside Library Program operation. A separate entry in the same record lists the standard standard seats as 1847.,true,CG_TIERA_Q146,
controlled_tier_a_v0.3,TIERA_Q147,TIERA_030,v1,TIERA_030_U02,2,The library program records a submission window of 14:00-16:00 for its normal service cycle.,false,,
controlled_tier_a_v0.3,TIERA_Q148,TIERA_030,v1,TIERA_030_U02,2,The library program records a submission window of 14:00-16:00 for its normal service cycle.,false,,
controlled_tier_a_v0.3,TIERA_Q149,TIERA_030,v1,TIERA_030_U01,2,Riverside Library Program has a standard standard seats of 1710.,false,,
controlled_tier_a_v0.3,TIERA_Q149,TIERA_030,v1,TIERA_030_U04,2,A secondary record assigns reserve seats of 450 to the same Riverside Library Program operation. A separate entry in the same record lists the standard standard seats as 1847.,false,,
controlled_tier_a_v0.3,TIERA_Q150,TIERA_030,v1,TIERA_030_U05,2,The related support window is listed for the riverside library program service during 11:00-13:00.,false,,
controlled_tier_a_v0.3,TIERA_Q151,TIERA_031,v1,TIERA_031_U01,2,Cedar Water Facility operates with a standard units monitored per day of 1747 per.,true,CG_TIERA_Q151,
controlled_tier_a_v0.3,TIERA_Q151,TIERA_031,v1,TIERA_031_U04,2,A secondary record assigns reserve capacity of 461 to the same Cedar Water Facility operation. A separate entry in the same record lists the standard units monitored per day as 1884.,true,CG_TIERA_Q151,
controlled_tier_a_v0.3,TIERA_Q152,TIERA_031,v1,TIERA_031_U02,2,The water facility records a inspection window of 08:30-10:30 for its normal service cycle.,false,,
controlled_tier_a_v0.3,TIERA_Q153,TIERA_031,v1,TIERA_031_U02,2,The water facility records a inspection window of 08:30-10:30 for its normal service cycle.,false,,
controlled_tier_a_v0.3,TIERA_Q154,TIERA_031,v1,TIERA_031_U01,2,Cedar Water Facility operates with a standard units monitored per day of 1747 per.,false,,
controlled_tier_a_v0.3,TIERA_Q154,TIERA_031,v1,TIERA_031_U04,2,A secondary record assigns reserve capacity of 461 to the same Cedar Water Facility operation. A separate entry in the same record lists the standard units monitored per day as 1884.,false,,
controlled_tier_a_v0.3,TIERA_Q155,TIERA_031,v1,TIERA_031_U05,2,The related reporting window is listed for the cedar water facility service during 13:00-15:00.,false,,
controlled_tier_a_v0.3,TIERA_Q156,TIERA_032,v1,TIERA_032_U01,2,Maple Solar Site operates with a standard units monitored per day of 1784 per.,true,CG_TIERA_Q156,
controlled_tier_a_v0.3,TIERA_Q156,TIERA_032,v1,TIERA_032_U04,2,A secondary record assigns reserve capacity of 472 to the same Maple Solar Site operation. A separate entry in the same record lists the standard units monitored per day as 1921.,true,CG_TIERA_Q156,
controlled_tier_a_v0.3,TIERA_Q157,TIERA_032,v1,TIERA_032_U02,2,The solar site records a inspection window of 09:00-11:00 for its normal service cycle.,false,,
controlled_tier_a_v0.3,TIERA_Q158,TIERA_032,v1,TIERA_032_U02,2,The solar site records a inspection window of 09:00-11:00 for its normal service cycle.,false,,
controlled_tier_a_v0.3,TIERA_Q159,TIERA_032,v1,TIERA_032_U01,2,Maple Solar Site operates with a standard units monitored per day of 1784 per.,false,,
controlled_tier_a_v0.3,TIERA_Q159,TIERA_032,v1,TIERA_032_U04,2,A secondary record assigns reserve capacity of 472 to the same Maple Solar Site operation. A separate entry in the same record lists the standard units monitored per day as 1921.,false,,
controlled_tier_a_v0.3,TIERA_Q160,TIERA_032,v1,TIERA_032_U05,2,The related reporting window is listed for the maple solar site service during 14:00-16:00.,false,,
controlled_tier_a_v0.3,TIERA_Q161,TIERA_033,v1,TIERA_033_U01,2,Harbor Recycling Center operates with a standard units monitored per day of 1821 per.,false,,
controlled_tier_a_v0.3,TIERA_Q162,TIERA_033,v1,TIERA_033_U02,2,The recycling center records a inspection window of 09:30-11:30 for its normal service cycle.,false,,
controlled_tier_a_v0.3,TIERA_Q163,TIERA_033,v1,TIERA_033_U03,2,"The designated site manager is Program Office, and the published service detail is tied to the Harbor Recycling Center unit.",true,CG_TIERA_Q163,
controlled_tier_a_v0.3,TIERA_Q163,TIERA_033,v1,TIERA_033_U06,2,The broader environment / infrastructure context records a separate weekend period of 13:00-15:00 for routine operations. Another context entry lists the inspection window as 15:00-17:00.,true,CG_TIERA_Q163,
controlled_tier_a_v0.3,TIERA_Q164,TIERA_033,v1,TIERA_033_U01,2,Harbor Recycling Center operates with a standard units monitored per day of 1821 per.,false,,
controlled_tier_a_v0.3,TIERA_Q164,TIERA_033,v1,TIERA_033_U04,2,A secondary record assigns reserve capacity of 483 to the same Harbor Recycling Center operation.,false,,
controlled_tier_a_v0.3,TIERA_Q165,TIERA_033,v1,TIERA_033_U05,2,The related reporting window is listed for the harbor recycling center service during 15:00-17:00.,false,,
controlled_tier_a_v0.3,TIERA_Q166,TIERA_034,v1,TIERA_034_U01,2,Northstar Flood Control Site operates with a standard units monitored per day of 1858 per.,false,,
controlled_tier_a_v0.3,TIERA_Q167,TIERA_034,v1,TIERA_034_U02,2,The flood control site records a inspection window of 10:00-12:00 for its normal service cycle.,false,,
controlled_tier_a_v0.3,TIERA_Q168,TIERA_034,v1,TIERA_034_U03,2,"The designated site manager is Site Operations, and the published service detail is tied to the Northstar Flood Control Site unit.",true,CG_TIERA_Q168,
controlled_tier_a_v0.3,TIERA_Q168,TIERA_034,v1,TIERA_034_U06,2,The broader environment / infrastructure context records a separate weekend period of 14:00-16:00 for routine operations. Another context entry lists the inspection window as 15:00-17:00.,true,CG_TIERA_Q168,
controlled_tier_a_v0.3,TIERA_Q169,TIERA_034,v1,TIERA_034_U01,2,Northstar Flood Control Site operates with a standard units monitored per day of 1858 per.,false,,
controlled_tier_a_v0.3,TIERA_Q169,TIERA_034,v1,TIERA_034_U04,2,A secondary record assigns reserve capacity of 494 to the same Northstar Flood Control Site operation.,false,,
controlled_tier_a_v0.3,TIERA_Q170,TIERA_034,v1,TIERA_034_U05,2,The related reporting window is listed for the northstar flood control site service during 16:00-18:00.,false,,
controlled_tier_a_v0.3,TIERA_Q171,TIERA_035,v1,TIERA_035_U01,2,Juniper Air Monitoring Station operates with a standard units monitored per day of 1895 per.,false,,
controlled_tier_a_v0.3,TIERA_Q172,TIERA_035,v1,TIERA_035_U02,2,The air monitoring station records a inspection window of 13:00-15:00 for its normal service cycle.,false,,
controlled_tier_a_v0.3,TIERA_Q173,TIERA_035,v1,TIERA_035_U03,2,"The designated site manager is Customer Operations, and the published service detail is tied to the Juniper Air Monitoring Station unit.",true,CG_TIERA_Q173,
controlled_tier_a_v0.3,TIERA_Q173,TIERA_035,v1,TIERA_035_U06,2,The broader environment / infrastructure context records a separate weekend period of 08:30-10:30 for routine operations. Another context entry lists the inspection window as 15:00-17:00.,true,CG_TIERA_Q173,
controlled_tier_a_v0.3,TIERA_Q174,TIERA_035,v1,TIERA_035_U01,2,Juniper Air Monitoring Station operates with a standard units monitored per day of 1895 per.,false,,
controlled_tier_a_v0.3,TIERA_Q174,TIERA_035,v1,TIERA_035_U04,2,A secondary record assigns reserve capacity of 505 to the same Juniper Air Monitoring Station operation.,false,,
controlled_tier_a_v0.3,TIERA_Q175,TIERA_035,v1,TIERA_035_U05,2,The related reporting window is listed for the juniper air monitoring station service during 10:00-12:00.,false,,
controlled_tier_a_v0.3,TIERA_Q176,TIERA_036,v1,TIERA_036_U01,2,Riverside District Energy Plant operates with a standard units monitored per day of 1932 per.,false,,
controlled_tier_a_v0.3,TIERA_Q177,TIERA_036,v1,TIERA_036_U02,2,The district energy plant records a inspection window of 14:00-16:00 for its normal service cycle.,false,,
controlled_tier_a_v0.3,TIERA_Q178,TIERA_036,v1,TIERA_036_U03,2,"The designated site manager is Administrative Services, and the published service detail is tied to the Riverside District Energy Plant unit.",true,CG_TIERA_Q178,
controlled_tier_a_v0.3,TIERA_Q178,TIERA_036,v1,TIERA_036_U06,2,The broader environment / infrastructure context records a separate weekend period of 09:00-11:00 for routine operations. Another context entry lists the inspection window as 15:00-17:00.,true,CG_TIERA_Q178,
controlled_tier_a_v0.3,TIERA_Q179,TIERA_036,v1,TIERA_036_U01,2,Riverside District Energy Plant operates with a standard units monitored per day of 1932 per.,false,,
controlled_tier_a_v0.3,TIERA_Q179,TIERA_036,v1,TIERA_036_U04,2,A secondary record assigns reserve capacity of 516 to the same Riverside District Energy Plant operation.,false,,
controlled_tier_a_v0.3,TIERA_Q180,TIERA_036,v1,TIERA_036_U05,2,The related reporting window is listed for the riverside district energy plant service during 11:00-13:00.,false,,
controlled_tier_a_v0.3,TIERA_Q181,TIERA_037,v1,TIERA_037_U01,2,Cedar Permit Office operates with a standard applications processed per day of 1969 per.,false,,
controlled_tier_a_v0.3,TIERA_Q182,TIERA_037,v1,TIERA_037_U02,2,The permit office records a review period of 08:30-10:30 for its normal service cycle.,false,,
controlled_tier_a_v0.3,TIERA_Q183,TIERA_037,v1,TIERA_037_U03,2,"The designated service coordinator is Operations Team, and the published service detail is tied to the Cedar Permit Office unit.",true,CG_TIERA_Q183,
controlled_tier_a_v0.3,TIERA_Q183,TIERA_037,v1,TIERA_037_U06,2,The broader public policy / administration context records a separate weekend period of 09:30-11:30 for routine operations. Another context entry lists the review period as 15:00-17:00.,true,CG_TIERA_Q183,
controlled_tier_a_v0.3,TIERA_Q184,TIERA_037,v1,TIERA_037_U01,2,Cedar Permit Office operates with a standard applications processed per day of 1969 per.,false,,
controlled_tier_a_v0.3,TIERA_Q184,TIERA_037,v1,TIERA_037_U04,2,A secondary record assigns reserve processing capacity of 527 to the same Cedar Permit Office operation.,false,,
controlled_tier_a_v0.3,TIERA_Q185,TIERA_037,v1,TIERA_037_U05,2,The related public counter window is listed for the cedar permit office service during 13:00-15:00.,false,,
controlled_tier_a_v0.3,TIERA_Q186,TIERA_038,v1,TIERA_038_U01,2,Maple Civic Service Desk operates with a standard applications processed per day of 2006 per.,false,,
controlled_tier_a_v0.3,TIERA_Q187,TIERA_038,v1,TIERA_038_U02,2,The civic service desk records a review period of 09:00-11:00 for its normal service cycle.,false,,
controlled_tier_a_v0.3,TIERA_Q188,TIERA_038,v1,TIERA_038_U03,2,"The designated service coordinator is Service Desk, and the published service detail is tied to the Maple Civic Service Desk unit.",true,CG_TIERA_Q188,
controlled_tier_a_v0.3,TIERA_Q188,TIERA_038,v1,TIERA_038_U06,2,The broader public policy / administration context records a separate weekend period of 10:00-12:00 for routine operations. Another context entry lists the review period as 15:00-17:00.,true,CG_TIERA_Q188,
controlled_tier_a_v0.3,TIERA_Q189,TIERA_038,v1,TIERA_038_U01,2,Maple Civic Service Desk operates with a standard applications processed per day of 2006 per.,false,,
controlled_tier_a_v0.3,TIERA_Q189,TIERA_038,v1,TIERA_038_U04,2,A secondary record assigns reserve processing capacity of 538 to the same Maple Civic Service Desk operation.,false,,
controlled_tier_a_v0.3,TIERA_Q190,TIERA_038,v1,TIERA_038_U05,2,The related public counter window is listed for the maple civic service desk service during 14:00-16:00.,false,,
controlled_tier_a_v0.3,TIERA_Q191,TIERA_039,v1,TIERA_039_U01,2,Harbor Grant Program operates with a standard applications processed per day of 2043 per.,false,,
controlled_tier_a_v0.3,TIERA_Q192,TIERA_039,v1,TIERA_039_U02,2,The grant program records a review period of 09:30-11:30 for its normal service cycle.,false,,
controlled_tier_a_v0.3,TIERA_Q193,TIERA_039,v1,TIERA_039_U03,2,"The designated service coordinator is Program Office, and the published service detail is tied to the Harbor Grant Program unit.",true,CG_TIERA_Q193,
controlled_tier_a_v0.3,TIERA_Q193,TIERA_039,v1,TIERA_039_U06,2,The broader public policy / administration context records a separate weekend period of 13:00-15:00 for routine operations. Another context entry lists the review period as 15:00-17:00.,true,CG_TIERA_Q193,
controlled_tier_a_v0.3,TIERA_Q194,TIERA_039,v1,TIERA_039_U01,2,Harbor Grant Program operates with a standard applications processed per day of 2043 per.,false,,
controlled_tier_a_v0.3,TIERA_Q194,TIERA_039,v1,TIERA_039_U04,2,A secondary record assigns reserve processing capacity of 549 to the same Harbor Grant Program operation.,false,,
controlled_tier_a_v0.3,TIERA_Q195,TIERA_039,v1,TIERA_039_U05,2,The related public counter window is listed for the harbor grant program service during 15:00-17:00.,false,,
controlled_tier_a_v0.3,TIERA_Q196,TIERA_040,v1,TIERA_040_U01,2,Northstar Housing Support operates with a standard applications processed per day of 2080 per.,false,,
controlled_tier_a_v0.3,TIERA_Q197,TIERA_040,v1,TIERA_040_U02,2,The housing support records a review period of 10:00-12:00 for its normal service cycle.,false,,
controlled_tier_a_v0.3,TIERA_Q198,TIERA_040,v1,TIERA_040_U03,2,"The designated service coordinator is Site Operations, and the published service detail is tied to the Northstar Housing Support unit.",true,CG_TIERA_Q198,
controlled_tier_a_v0.3,TIERA_Q198,TIERA_040,v1,TIERA_040_U06,2,The broader public policy / administration context records a separate weekend period of 14:00-16:00 for routine operations. Another context entry lists the review period as 15:00-17:00.,true,CG_TIERA_Q198,
controlled_tier_a_v0.3,TIERA_Q199,TIERA_040,v1,TIERA_040_U01,2,Northstar Housing Support operates with a standard applications processed per day of 2080 per.,false,,
controlled_tier_a_v0.3,TIERA_Q199,TIERA_040,v1,TIERA_040_U04,2,A secondary record assigns reserve processing capacity of 560 to the same Northstar Housing Support operation.,false,,
controlled_tier_a_v0.3,TIERA_Q200,TIERA_040,v1,TIERA_040_U05,2,The related public counter window is listed for the northstar housing support service during 16:00-18:00.,false,,
controlled_tier_a_v0.3,TIERA_Q201,TIERA_041,v1,TIERA_041_U01,2,Juniper Public Records Unit operates with a standard applications processed per day of 2117 per.,false,,
controlled_tier_a_v0.3,TIERA_Q202,TIERA_041,v1,TIERA_041_U02,2,The public records unit records a review period of 13:00-15:00 for its normal service cycle.,false,,
controlled_tier_a_v0.3,TIERA_Q203,TIERA_041,v1,TIERA_041_U02,2,The public records unit records a review period of 13:00-15:00 for its normal service cycle.,false,,
controlled_tier_a_v0.3,TIERA_Q204,TIERA_041,v1,TIERA_041_U01,2,Juniper Public Records Unit operates with a standard applications processed per day of 2117 per.,false,,
controlled_tier_a_v0.3,TIERA_Q204,TIERA_041,v1,TIERA_041_U04,2,A secondary record assigns reserve processing capacity of 571 to the same Juniper Public Records Unit operation.,false,,
controlled_tier_a_v0.3,TIERA_Q205,TIERA_041,v1,TIERA_041_U02,2,The public records unit records a review period of 13:00-15:00 for its normal service cycle.,true,CG_TIERA_Q205,
controlled_tier_a_v0.3,TIERA_Q205,TIERA_041,v1,TIERA_041_U05,2,The related public counter window is listed for the juniper public records unit service during 10:00-12:00. A separate service notice lists the review period as 18:00-20:00.,true,CG_TIERA_Q205,
controlled_tier_a_v0.3,TIERA_Q206,TIERA_042,v1,TIERA_042_U01,2,Riverside Community Advisory Board operates with a standard applications processed per day of 2154 per.,false,,
controlled_tier_a_v0.3,TIERA_Q207,TIERA_042,v1,TIERA_042_U02,2,The community advisory board records a review period of 14:00-16:00 for its normal service cycle.,false,,
controlled_tier_a_v0.3,TIERA_Q208,TIERA_042,v1,TIERA_042_U02,2,The community advisory board records a review period of 14:00-16:00 for its normal service cycle.,false,,
controlled_tier_a_v0.3,TIERA_Q209,TIERA_042,v1,TIERA_042_U01,2,Riverside Community Advisory Board operates with a standard applications processed per day of 2154 per.,false,,
controlled_tier_a_v0.3,TIERA_Q209,TIERA_042,v1,TIERA_042_U04,2,A secondary record assigns reserve processing capacity of 582 to the same Riverside Community Advisory Board operation.,false,,
controlled_tier_a_v0.3,TIERA_Q210,TIERA_042,v1,TIERA_042_U02,2,The community advisory board records a review period of 14:00-16:00 for its normal service cycle.,true,CG_TIERA_Q210,
controlled_tier_a_v0.3,TIERA_Q210,TIERA_042,v1,TIERA_042_U05,2,The related public counter window is listed for the riverside community advisory board service during 11:00-13:00. A separate service notice lists the review period as 18:00-20:00.,true,CG_TIERA_Q210,
controlled_tier_a_v0.3,TIERA_Q211,TIERA_043,v1,TIERA_043_U01,2,Cedar Retail Service operates with a standard orders handled per day of 2191 per.,false,,
controlled_tier_a_v0.3,TIERA_Q212,TIERA_043,v1,TIERA_043_U02,2,The retail service records a service window of 08:30-10:30 for its normal service cycle.,false,,
controlled_tier_a_v0.3,TIERA_Q213,TIERA_043,v1,TIERA_043_U02,2,The retail service records a service window of 08:30-10:30 for its normal service cycle.,false,,
controlled_tier_a_v0.3,TIERA_Q214,TIERA_043,v1,TIERA_043_U01,2,Cedar Retail Service operates with a standard orders handled per day of 2191 per.,false,,
controlled_tier_a_v0.3,TIERA_Q214,TIERA_043,v1,TIERA_043_U04,2,A secondary record assigns same-day reserve capacity of 593 to the same Cedar Retail Service operation.,false,,
controlled_tier_a_v0.3,TIERA_Q215,TIERA_043,v1,TIERA_043_U02,2,The retail service records a service window of 08:30-10:30 for its normal service cycle.,true,CG_TIERA_Q215,
controlled_tier_a_v0.3,TIERA_Q215,TIERA_043,v1,TIERA_043_U05,2,The related support window is listed for the cedar retail service service during 13:00-15:00. A separate service notice lists the service window as 18:00-20:00.,true,CG_TIERA_Q215,
controlled_tier_a_v0.3,TIERA_Q216,TIERA_044,v1,TIERA_044_U01,2,Maple Home Maintenance operates with a standard orders handled per day of 2228 per.,false,,
controlled_tier_a_v0.3,TIERA_Q217,TIERA_044,v1,TIERA_044_U02,2,The home maintenance records a service window of 09:00-11:00 for its normal service cycle.,false,,
controlled_tier_a_v0.3,TIERA_Q218,TIERA_044,v1,TIERA_044_U02,2,The home maintenance records a service window of 09:00-11:00 for its normal service cycle.,false,,
controlled_tier_a_v0.3,TIERA_Q219,TIERA_044,v1,TIERA_044_U01,2,Maple Home Maintenance operates with a standard orders handled per day of 2228 per.,false,,
controlled_tier_a_v0.3,TIERA_Q219,TIERA_044,v1,TIERA_044_U04,2,A secondary record assigns same-day reserve capacity of 604 to the same Maple Home Maintenance operation.,false,,
controlled_tier_a_v0.3,TIERA_Q220,TIERA_044,v1,TIERA_044_U02,2,The home maintenance records a service window of 09:00-11:00 for its normal service cycle.,true,CG_TIERA_Q220,
controlled_tier_a_v0.3,TIERA_Q220,TIERA_044,v1,TIERA_044_U05,2,The related support window is listed for the maple home maintenance service during 14:00-16:00. A separate service notice lists the service window as 18:00-20:00.,true,CG_TIERA_Q220,
controlled_tier_a_v0.3,TIERA_Q221,TIERA_045,v1,TIERA_045_U01,2,Harbor Travel Pass operates with a standard orders handled per day of 2265 per.,false,,
controlled_tier_a_v0.3,TIERA_Q222,TIERA_045,v1,TIERA_045_U02,2,The travel pass records a service window of 09:30-11:30 for its normal service cycle.,false,,
controlled_tier_a_v0.3,TIERA_Q223,TIERA_045,v1,TIERA_045_U02,2,The travel pass records a service window of 09:30-11:30 for its normal service cycle.,false,,
controlled_tier_a_v0.3,TIERA_Q224,TIERA_045,v1,TIERA_045_U01,2,Harbor Travel Pass operates with a standard orders handled per day of 2265 per.,false,,
controlled_tier_a_v0.3,TIERA_Q224,TIERA_045,v1,TIERA_045_U04,2,A secondary record assigns same-day reserve capacity of 615 to the same Harbor Travel Pass operation.,false,,
controlled_tier_a_v0.3,TIERA_Q225,TIERA_045,v1,TIERA_045_U02,2,The travel pass records a service window of 09:30-11:30 for its normal service cycle.,true,CG_TIERA_Q225,
controlled_tier_a_v0.3,TIERA_Q225,TIERA_045,v1,TIERA_045_U05,2,The related support window is listed for the harbor travel pass service during 15:00-17:00. A separate service notice lists the service window as 18:00-20:00.,true,CG_TIERA_Q225,
controlled_tier_a_v0.3,TIERA_Q226,TIERA_046,v1,TIERA_046_U01,2,Northstar Event Venue operates with a standard orders handled per day of 2302 per.,false,,
controlled_tier_a_v0.3,TIERA_Q227,TIERA_046,v1,TIERA_046_U02,2,The event venue records a service window of 10:00-12:00 for its normal service cycle.,false,,
controlled_tier_a_v0.3,TIERA_Q228,TIERA_046,v1,TIERA_046_U02,2,The event venue records a service window of 10:00-12:00 for its normal service cycle.,false,,
controlled_tier_a_v0.3,TIERA_Q229,TIERA_046,v1,TIERA_046_U01,2,Northstar Event Venue operates with a standard orders handled per day of 2302 per.,false,,
controlled_tier_a_v0.3,TIERA_Q229,TIERA_046,v1,TIERA_046_U04,2,A secondary record assigns same-day reserve capacity of 626 to the same Northstar Event Venue operation.,false,,
controlled_tier_a_v0.3,TIERA_Q230,TIERA_046,v1,TIERA_046_U02,2,The event venue records a service window of 10:00-12:00 for its normal service cycle.,true,CG_TIERA_Q230,
controlled_tier_a_v0.3,TIERA_Q230,TIERA_046,v1,TIERA_046_U05,2,The related support window is listed for the northstar event venue service during 16:00-18:00. A separate service notice lists the service window as 18:00-20:00.,true,CG_TIERA_Q230,
controlled_tier_a_v0.3,TIERA_Q231,TIERA_047,v1,TIERA_047_U01,2,Juniper Delivery Subscription operates with a standard orders handled per day of 2339 per.,false,,
controlled_tier_a_v0.3,TIERA_Q232,TIERA_047,v1,TIERA_047_U02,2,The delivery subscription records a service window of 13:00-15:00 for its normal service cycle.,false,,
controlled_tier_a_v0.3,TIERA_Q233,TIERA_047,v1,TIERA_047_U02,2,The delivery subscription records a service window of 13:00-15:00 for its normal service cycle.,false,,
controlled_tier_a_v0.3,TIERA_Q234,TIERA_047,v1,TIERA_047_U01,2,Juniper Delivery Subscription operates with a standard orders handled per day of 2339 per.,false,,
controlled_tier_a_v0.3,TIERA_Q234,TIERA_047,v1,TIERA_047_U04,2,A secondary record assigns same-day reserve capacity of 637 to the same Juniper Delivery Subscription operation.,false,,
controlled_tier_a_v0.3,TIERA_Q235,TIERA_047,v1,TIERA_047_U02,2,The delivery subscription records a service window of 13:00-15:00 for its normal service cycle.,true,CG_TIERA_Q235,
controlled_tier_a_v0.3,TIERA_Q235,TIERA_047,v1,TIERA_047_U05,2,The related support window is listed for the juniper delivery subscription service during 10:00-12:00. A separate service notice lists the service window as 18:00-20:00.,true,CG_TIERA_Q235,
controlled_tier_a_v0.3,TIERA_Q236,TIERA_048,v1,TIERA_048_U01,2,Riverside Meal Service operates with a standard orders handled per day of 2376 per.,false,,
controlled_tier_a_v0.3,TIERA_Q237,TIERA_048,v1,TIERA_048_U02,2,The meal service records a service window of 14:00-16:00 for its normal service cycle.,false,,
controlled_tier_a_v0.3,TIERA_Q238,TIERA_048,v1,TIERA_048_U02,2,The meal service records a service window of 14:00-16:00 for its normal service cycle.,false,,
controlled_tier_a_v0.3,TIERA_Q239,TIERA_048,v1,TIERA_048_U01,2,Riverside Meal Service operates with a standard orders handled per day of 2376 per.,false,,
controlled_tier_a_v0.3,TIERA_Q239,TIERA_048,v1,TIERA_048_U04,2,A secondary record assigns same-day reserve capacity of 648 to the same Riverside Meal Service operation.,false,,
controlled_tier_a_v0.3,TIERA_Q240,TIERA_048,v1,TIERA_048_U02,2,The meal service records a service window of 14:00-16:00 for its normal service cycle.,true,CG_TIERA_Q240,
controlled_tier_a_v0.3,TIERA_Q240,TIERA_048,v1,TIERA_048_U05,2,The related support window is listed for the riverside meal service service during 11:00-13:00. A separate service notice lists the service window as 18:00-20:00.,true,CG_TIERA_Q240,
