dataset_id,source_doc_id,document_version,source_unit_id,unit_order,content_hash_sha256,source_type,source_reference,license,text
controlled_tier_a_v0.3.1,TIERA_001,v1,TIERA_001_U01,1,9eba2ea63716db34c93ecb7fe11046ec495345ceed2c7f57839c122ae84c2a64,synthetic,Aqlyra internally authored controlled benchmark content,CC0-equivalent internal test content,Cedar Release Pipeline has a standard requests per minute of 637.
controlled_tier_a_v0.3.1,TIERA_001,v1,TIERA_001_U02,2,720ece48528be8a1568d02f3b60c8020319cea261164a3b344b0ed87412d133c,synthetic,Aqlyra internally authored controlled benchmark content,CC0-equivalent internal test content,The release pipeline records a verification window of 08:30-10:30 for its normal service cycle.
controlled_tier_a_v0.3.1,TIERA_001,v1,TIERA_001_U03,3,226808848a8e4044e7e8c5353cb1563599d73e3c7af6767443cf7d27b69aba37,synthetic,Aqlyra internally authored controlled benchmark content,CC0-equivalent internal test content,"The designated production owner is Operations Team, and the published service detail is tied to the Cedar Release Pipeline unit."
controlled_tier_a_v0.3.1,TIERA_001,v1,TIERA_001_U04,4,7d1a7b7f59e5e07d6eab598932f66609c988aad587c181fadbcd8d46c4d032a5,synthetic,Aqlyra internally authored controlled benchmark content,CC0-equivalent internal test content,A secondary record assigns backup capacity of 131 to the same Cedar Release Pipeline operation.
controlled_tier_a_v0.3.1,TIERA_001,v1,TIERA_001_U05,5,ef4e6ad669ef82df8c027f59c03a60b3f137b4814a58e0b81f8421e5bc306d8f,synthetic,Aqlyra internally authored controlled benchmark content,CC0-equivalent internal test content,The related support window is listed for the cedar release pipeline service during 13:00-15:00.
controlled_tier_a_v0.3.1,TIERA_001,v1,TIERA_001_U06,6,509ad47ec8e078103c453039b7f9a403e41c275822e63b7fc83fd55dde59bfff,synthetic,Aqlyra internally authored controlled benchmark content,CC0-equivalent internal test content,The broader technology / software systems context records a separate weekend period of 09:30-11:30 for routine operations.
controlled_tier_a_v0.3.1,TIERA_002,v1,TIERA_002_U01,1,46a21bfb5761fa3b3f03a3fab95516639c07b3776cbd175f2ce831e779724c28,synthetic,Aqlyra internally authored controlled benchmark content,CC0-equivalent internal test content,Maple API Gateway has a standard requests per minute of 674.
controlled_tier_a_v0.3.1,TIERA_002,v1,TIERA_002_U02,2,d0e4b6845cb880a3922c4881c45886d4c2650f8bb112b13e7ce7caecf43e25bf,synthetic,Aqlyra internally authored controlled benchmark content,CC0-equivalent internal test content,The api gateway records a verification window of 09:00-11:00 for its normal service cycle.
controlled_tier_a_v0.3.1,TIERA_002,v1,TIERA_002_U03,3,a8d76dc40dbf5940fa16d2fc49b3dc480028b2f7022a896b6444132d7fbf1946,synthetic,Aqlyra internally authored controlled benchmark content,CC0-equivalent internal test content,"The designated production owner is Service Desk, and the published service detail is tied to the Maple API Gateway unit."
controlled_tier_a_v0.3.1,TIERA_002,v1,TIERA_002_U04,4,5ec4eb82f7a2567a7aa5fa42c77c9cf0a1964f1bbbf49fd86d392fb149b7d60b,synthetic,Aqlyra internally authored controlled benchmark content,CC0-equivalent internal test content,A secondary record assigns backup capacity of 142 to the same Maple API Gateway operation.
controlled_tier_a_v0.3.1,TIERA_002,v1,TIERA_002_U05,5,0b1a1b3fb102530af60d20a836476ab6f22988ff4f2bfcfebd2453b336b073d3,synthetic,Aqlyra internally authored controlled benchmark content,CC0-equivalent internal test content,The related support window is listed for the maple api gateway service during 14:00-16:00.
controlled_tier_a_v0.3.1,TIERA_002,v1,TIERA_002_U06,6,659a28838e517cedb2f37b2c1aa2bb8c323d03d245657478caaf2432ab40c00d,synthetic,Aqlyra internally authored controlled benchmark content,CC0-equivalent internal test content,The broader technology / software systems context records a separate weekend period of 10:00-12:00 for routine operations.
controlled_tier_a_v0.3.1,TIERA_003,v1,TIERA_003_U01,1,8165a6beacf63dcd638cc4e84101e0b2d06a66b1cebb6c202c982ef6fdae0cff,synthetic,Aqlyra internally authored controlled benchmark content,CC0-equivalent internal test content,Harbor Storage Service has a standard requests per minute of 711.
controlled_tier_a_v0.3.1,TIERA_003,v1,TIERA_003_U02,2,88e967ffa3876ad50accbedecd929cbdb0261bdc259291f67efdeeb126c6aec4,synthetic,Aqlyra internally authored controlled benchmark content,CC0-equivalent internal test content,The storage service records a verification window of 09:30-11:30 for its normal service cycle.
controlled_tier_a_v0.3.1,TIERA_003,v1,TIERA_003_U03,3,ffc5a8cd52b19b9d56cacdce03867861b974affaf84591d248f3e6194c2e4504,synthetic,Aqlyra internally authored controlled benchmark content,CC0-equivalent internal test content,"The designated production owner is Program Office, and the published service detail is tied to the Harbor Storage Service unit."
controlled_tier_a_v0.3.1,TIERA_003,v1,TIERA_003_U04,4,b4e945c200655fcfd3ab693228827b2b8d0edbfb982629c10ab4f746123937c2,synthetic,Aqlyra internally authored controlled benchmark content,CC0-equivalent internal test content,A secondary record assigns backup capacity of 153 to the same Harbor Storage Service operation.
controlled_tier_a_v0.3.1,TIERA_003,v1,TIERA_003_U05,5,9c0127924f1b14b03bc4c1a4967f682d43640fe9305820861073e5403ab0cd58,synthetic,Aqlyra internally authored controlled benchmark content,CC0-equivalent internal test content,The related support window is listed for the harbor storage service service during 15:00-17:00.
controlled_tier_a_v0.3.1,TIERA_003,v1,TIERA_003_U06,6,3fc00723f2f1a56a5e03c3d89c1f653aa0702960449ad43d78c0d428245f1194,synthetic,Aqlyra internally authored controlled benchmark content,CC0-equivalent internal test content,The broader technology / software systems context records a separate weekend period of 13:00-15:00 for routine operations.
controlled_tier_a_v0.3.1,TIERA_004,v1,TIERA_004_U01,1,e0c7402a89da3aaf259a3b9ba4bc7f31cbe05251ae0b4d6c70b6ca00510758f2,synthetic,Aqlyra internally authored controlled benchmark content,CC0-equivalent internal test content,Northstar Notification Platform has a standard requests per minute of 748.
controlled_tier_a_v0.3.1,TIERA_004,v1,TIERA_004_U02,2,6032580fd28c132a2d774b96023fb2f6e2cfd457db54762ed8b939510a47a0de,synthetic,Aqlyra internally authored controlled benchmark content,CC0-equivalent internal test content,The notification platform records a verification window of 10:00-12:00 for its normal service cycle.
controlled_tier_a_v0.3.1,TIERA_004,v1,TIERA_004_U03,3,fc1327577aa642b7ae18a1bfec08735054ec40d62170967a32fd8efadb6fb5be,synthetic,Aqlyra internally authored controlled benchmark content,CC0-equivalent internal test content,"The designated production owner is Site Operations, and the published service detail is tied to the Northstar Notification Platform unit."
controlled_tier_a_v0.3.1,TIERA_004,v1,TIERA_004_U04,4,61fd9d781c1fe5ea5b16007598a9d834594e778458133117b8202b549af26ee8,synthetic,Aqlyra internally authored controlled benchmark content,CC0-equivalent internal test content,A secondary record assigns backup capacity of 164 to the same Northstar Notification Platform operation.
controlled_tier_a_v0.3.1,TIERA_004,v1,TIERA_004_U05,5,59a933fab81da73c62f43d0afce38a553daebc9da4958d885b5f1b2f8161256e,synthetic,Aqlyra internally authored controlled benchmark content,CC0-equivalent internal test content,The related support window is listed for the northstar notification platform service during 16:00-18:00.
controlled_tier_a_v0.3.1,TIERA_004,v1,TIERA_004_U06,6,f112f450a25d6ff1dbaa1d9e58ad1c7281f4e8eabba2ceb646ce76616ce94509,synthetic,Aqlyra internally authored controlled benchmark content,CC0-equivalent internal test content,The broader technology / software systems context records a separate weekend period of 14:00-16:00 for routine operations.
controlled_tier_a_v0.3.1,TIERA_005,v1,TIERA_005_U01,1,43e8f8eef9b07ba483997b0815855f795b5222615d43221c23753613de54e4c4,synthetic,Aqlyra internally authored controlled benchmark content,CC0-equivalent internal test content,Juniper Monitoring Service has a standard requests per minute of 785.
controlled_tier_a_v0.3.1,TIERA_005,v1,TIERA_005_U02,2,af259df448a561ccaf5b68e4fe494355e1f26ae2b8661f913550b94d0a43dc13,synthetic,Aqlyra internally authored controlled benchmark content,CC0-equivalent internal test content,The monitoring service records a verification window of 13:00-15:00 for its normal service cycle.
controlled_tier_a_v0.3.1,TIERA_005,v1,TIERA_005_U03,3,5e088cf7199c1f0dd52ba650b5fbb9dc0fd3660b392a4e8d796e244046270835,synthetic,Aqlyra internally authored controlled benchmark content,CC0-equivalent internal test content,"The designated production owner is Customer Operations, and the published service detail is tied to the Juniper Monitoring Service unit."
controlled_tier_a_v0.3.1,TIERA_005,v1,TIERA_005_U04,4,8bfcea4c42f41a84104004481b4dca8ccd0e82ee799ea8334e0ac5b3b0020e2e,synthetic,Aqlyra internally authored controlled benchmark content,CC0-equivalent internal test content,A secondary record assigns backup capacity of 175 to the same Juniper Monitoring Service operation.
controlled_tier_a_v0.3.1,TIERA_005,v1,TIERA_005_U05,5,106f84d9f146d28ddc89f57628da1e37b287fcdd82afc53323e241c9be66afc1,synthetic,Aqlyra internally authored controlled benchmark content,CC0-equivalent internal test content,The related support window is listed for the juniper monitoring service service during 10:00-12:00.
controlled_tier_a_v0.3.1,TIERA_005,v1,TIERA_005_U06,6,15d690b2cb33156b02e54d264c53ebd4c0657df588daf3808e97313b986899e9,synthetic,Aqlyra internally authored controlled benchmark content,CC0-equivalent internal test content,The broader technology / software systems context records a separate weekend period of 08:30-10:30 for routine operations.
controlled_tier_a_v0.3.1,TIERA_006,v1,TIERA_006_U01,1,77ca53b8e65df0ff71fb814588355e82d3821c5d147caaa756cb85fe17877bad,synthetic,Aqlyra internally authored controlled benchmark content,CC0-equivalent internal test content,Riverside Identity Platform has a standard requests per minute of 822.
controlled_tier_a_v0.3.1,TIERA_006,v1,TIERA_006_U02,2,c227bd015d122a5363db59c1d92440857dca93ae1039232b9b3272934f3eabc9,synthetic,Aqlyra internally authored controlled benchmark content,CC0-equivalent internal test content,The identity platform records a verification window of 14:00-16:00 for its normal service cycle.
controlled_tier_a_v0.3.1,TIERA_006,v1,TIERA_006_U03,3,fe32f8d9ded00adfeaaee3ae5aef4a266b000bbe3e6bf28d03abb943e386e036,synthetic,Aqlyra internally authored controlled benchmark content,CC0-equivalent internal test content,"The designated production owner is Administrative Services, and the published service detail is tied to the Riverside Identity Platform unit."
controlled_tier_a_v0.3.1,TIERA_006,v1,TIERA_006_U04,4,8513ead1e133fe79430a72506e66dac815d49b506f27ff9d0ac3363b22ddf038,synthetic,Aqlyra internally authored controlled benchmark content,CC0-equivalent internal test content,A secondary record assigns backup capacity of 186 to the same Riverside Identity Platform operation.
controlled_tier_a_v0.3.1,TIERA_006,v1,TIERA_006_U05,5,38b7881d4e67dd37ab7d651ac17835395dbfccda3c4905f6dbd2af418908e4a3,synthetic,Aqlyra internally authored controlled benchmark content,CC0-equivalent internal test content,The related support window is listed for the riverside identity platform service during 11:00-13:00.
controlled_tier_a_v0.3.1,TIERA_006,v1,TIERA_006_U06,6,f681a96666f68c5159ccee0e32800a39356e3260578fdfbdb4cc14796615fbdb,synthetic,Aqlyra internally authored controlled benchmark content,CC0-equivalent internal test content,The broader technology / software systems context records a separate weekend period of 09:00-11:00 for routine operations.
controlled_tier_a_v0.3.1,TIERA_007,v1,TIERA_007_U01,1,9b3c04fba197590d5c061b7cc5b6cf6b404f4303e37b27f6302cca09c377f9f8,synthetic,Aqlyra internally authored controlled benchmark content,CC0-equivalent internal test content,Cedar Community Clinic has a standard appointments per weekday of 859.
controlled_tier_a_v0.3.1,TIERA_007,v1,TIERA_007_U02,2,ecfa1c3d1a4f508f81e63c1faf76a2ff472e2f1a601842d49cec8ee41e604644,synthetic,Aqlyra internally authored controlled benchmark content,CC0-equivalent internal test content,The community clinic records a intake window of 08:30-10:30 for its normal service cycle.
controlled_tier_a_v0.3.1,TIERA_007,v1,TIERA_007_U03,3,d74024c3bbd1b28491599ba1fe972cd78e81b0d4e5fdcae16ea65d7754e3efa8,synthetic,Aqlyra internally authored controlled benchmark content,CC0-equivalent internal test content,"The designated service lead is Operations Team, and the published service detail is tied to the Cedar Community Clinic unit."
controlled_tier_a_v0.3.1,TIERA_007,v1,TIERA_007_U04,4,e218b849fc0610a14df0d6e006231a29aeaaa481f906e81370bd1db99a522f94,synthetic,Aqlyra internally authored controlled benchmark content,CC0-equivalent internal test content,A secondary record assigns same-day reserve slots of 197 to the same Cedar Community Clinic operation.
controlled_tier_a_v0.3.1,TIERA_007,v1,TIERA_007_U05,5,59e8bfb886557f8e51d544dd3bf059a07023b4a42fc4aae2128c4d671221faac,synthetic,Aqlyra internally authored controlled benchmark content,CC0-equivalent internal test content,The related follow-up window is listed for the cedar community clinic service during 13:00-15:00.
controlled_tier_a_v0.3.1,TIERA_007,v1,TIERA_007_U06,6,1261525484892f195543e199110bc6e4cc00b3cf63372f5254629edd236b6e86,synthetic,Aqlyra internally authored controlled benchmark content,CC0-equivalent internal test content,The broader healthcare / public health context records a separate weekend period of 09:30-11:30 for routine operations.
controlled_tier_a_v0.3.1,TIERA_008,v1,TIERA_008_U01,1,ba5c6eb4ee947a4f5b77b6edbfde6453e3b374a22dc3fc53640e35537558f191,synthetic,Aqlyra internally authored controlled benchmark content,CC0-equivalent internal test content,Maple Vaccination Center has a standard appointments per weekday of 896.
controlled_tier_a_v0.3.1,TIERA_008,v1,TIERA_008_U02,2,1970fcc79ba91e656b08104c5359bb3a255ed28ca11cffe5ec5e2a51f4cfbe75,synthetic,Aqlyra internally authored controlled benchmark content,CC0-equivalent internal test content,The vaccination center records a intake window of 09:00-11:00 for its normal service cycle.
controlled_tier_a_v0.3.1,TIERA_008,v1,TIERA_008_U03,3,8365b485eab535988822e9746181dbf49a6a3a33a6fd142f6419e4b8b03e2aa3,synthetic,Aqlyra internally authored controlled benchmark content,CC0-equivalent internal test content,"The designated service lead is Service Desk, and the published service detail is tied to the Maple Vaccination Center unit."
controlled_tier_a_v0.3.1,TIERA_008,v1,TIERA_008_U04,4,2a1bb5645b95df43605d0a187043d27eb878831e5c260bd80958581d0bd62379,synthetic,Aqlyra internally authored controlled benchmark content,CC0-equivalent internal test content,A secondary record assigns same-day reserve slots of 208 to the same Maple Vaccination Center operation.
controlled_tier_a_v0.3.1,TIERA_008,v1,TIERA_008_U05,5,992c162479beb0c1fbec7d6385e6f56c45e8455f4a706314ad309f4123b2d8c7,synthetic,Aqlyra internally authored controlled benchmark content,CC0-equivalent internal test content,The related follow-up window is listed for the maple vaccination center service during 14:00-16:00.
controlled_tier_a_v0.3.1,TIERA_008,v1,TIERA_008_U06,6,eac65b4d630035a535ff83d7ff00996597508d699bf267b33b0a2c43a636e14b,synthetic,Aqlyra internally authored controlled benchmark content,CC0-equivalent internal test content,The broader healthcare / public health context records a separate weekend period of 10:00-12:00 for routine operations.
controlled_tier_a_v0.3.1,TIERA_009,v1,TIERA_009_U01,1,b926deca0a04b257f4e3b1d4d80fa7f6d06189d3d3285951a8aa9dea451604e8,synthetic,Aqlyra internally authored controlled benchmark content,CC0-equivalent internal test content,Harbor Diagnostic Lab has a standard appointments per weekday of 933.
controlled_tier_a_v0.3.1,TIERA_009,v1,TIERA_009_U02,2,19f0df22d0fb41938e0be7cf03d3896798345ed2356d6dfa7ea92796fdd5b541,synthetic,Aqlyra internally authored controlled benchmark content,CC0-equivalent internal test content,The diagnostic lab records a intake window of 09:30-11:30 for its normal service cycle.
controlled_tier_a_v0.3.1,TIERA_009,v1,TIERA_009_U03,3,c6eef66eb28111dfc7e9f75123150a9908be9a13acd19fd86db44a867cf8fb15,synthetic,Aqlyra internally authored controlled benchmark content,CC0-equivalent internal test content,"The designated service lead is Program Office, and the published service detail is tied to the Harbor Diagnostic Lab unit."
controlled_tier_a_v0.3.1,TIERA_009,v1,TIERA_009_U04,4,d1ea90682769dbcb78f1e61662e0179d694d01fd5edb627ac972eee041841f84,synthetic,Aqlyra internally authored controlled benchmark content,CC0-equivalent internal test content,A secondary record assigns same-day reserve slots of 219 to the same Harbor Diagnostic Lab operation.
controlled_tier_a_v0.3.1,TIERA_009,v1,TIERA_009_U05,5,a341a0374b5269c933e42eb25bb5ebbac085181774c4cfd2ccabd9b3ab525eed,synthetic,Aqlyra internally authored controlled benchmark content,CC0-equivalent internal test content,The related follow-up window is listed for the harbor diagnostic lab service during 15:00-17:00.
controlled_tier_a_v0.3.1,TIERA_009,v1,TIERA_009_U06,6,261a3a4720511c6dcb25a55f81f7198f080af92f032a87f6cb00e6d08b293d0f,synthetic,Aqlyra internally authored controlled benchmark content,CC0-equivalent internal test content,The broader healthcare / public health context records a separate weekend period of 13:00-15:00 for routine operations.
controlled_tier_a_v0.3.1,TIERA_010,v1,TIERA_010_U01,1,15e463242b44a321002633178b3693519011c8b706a4b89240a00d6b3e0588e9,synthetic,Aqlyra internally authored controlled benchmark content,CC0-equivalent internal test content,Northstar Health Outreach Unit has a standard appointments per weekday of 970.
controlled_tier_a_v0.3.1,TIERA_010,v1,TIERA_010_U02,2,7c581ed69bc6f5d8fdc0381f0faa195695da94faed6466b0b8c8c8c00f162ba8,synthetic,Aqlyra internally authored controlled benchmark content,CC0-equivalent internal test content,The health outreach unit records a intake window of 10:00-12:00 for its normal service cycle.
controlled_tier_a_v0.3.1,TIERA_010,v1,TIERA_010_U03,3,070e632f753409ebe47032f77d1c355aadb6495c60aefc30c605b9b381fd9bb5,synthetic,Aqlyra internally authored controlled benchmark content,CC0-equivalent internal test content,"The designated service lead is Site Operations, and the published service detail is tied to the Northstar Health Outreach Unit unit."
controlled_tier_a_v0.3.1,TIERA_010,v1,TIERA_010_U04,4,f3fb852b2b15a96d44fabea566b65200d938e50f6d8c87362b757cc44017dd22,synthetic,Aqlyra internally authored controlled benchmark content,CC0-equivalent internal test content,A secondary record assigns same-day reserve slots of 230 to the same Northstar Health Outreach Unit operation.
controlled_tier_a_v0.3.1,TIERA_010,v1,TIERA_010_U05,5,c6ee39737ba7121cce769ed2f50dd7e482a83bbbdcc0d18a27d227df562767fd,synthetic,Aqlyra internally authored controlled benchmark content,CC0-equivalent internal test content,The related follow-up window is listed for the northstar health outreach unit service during 16:00-18:00.
controlled_tier_a_v0.3.1,TIERA_010,v1,TIERA_010_U06,6,b54d2f9a56f979879e70ffa73612b8f485f0462a8473309e2b145d13828ae4b7,synthetic,Aqlyra internally authored controlled benchmark content,CC0-equivalent internal test content,The broader healthcare / public health context records a separate weekend period of 14:00-16:00 for routine operations.
controlled_tier_a_v0.3.1,TIERA_011,v1,TIERA_011_U01,1,a8c262b47a88a911fc55d3115c9f580ad1b68df5c6b91bc5a5fc560151714a51,synthetic,Aqlyra internally authored controlled benchmark content,CC0-equivalent internal test content,Juniper Rehabilitation Center has a standard appointments per weekday of 1007.
controlled_tier_a_v0.3.1,TIERA_011,v1,TIERA_011_U02,2,b41f7e04e66ca79c0c833173ee52aa1ebc74aa3422eb315a98f75ca3df0d3201,synthetic,Aqlyra internally authored controlled benchmark content,CC0-equivalent internal test content,The rehabilitation center records a intake window of 13:00-15:00 for its normal service cycle.
controlled_tier_a_v0.3.1,TIERA_011,v1,TIERA_011_U03,3,e317ff6a018b6732fc2c97e4ec3593b05907fd107e9e121410a68fd2a02761fc,synthetic,Aqlyra internally authored controlled benchmark content,CC0-equivalent internal test content,"The designated service lead is Customer Operations, and the published service detail is tied to the Juniper Rehabilitation Center unit."
controlled_tier_a_v0.3.1,TIERA_011,v1,TIERA_011_U04,4,6bf60ebd720673599b8bfbb9f87c808ca4629c75c0927cbf340ba65f018188f5,synthetic,Aqlyra internally authored controlled benchmark content,CC0-equivalent internal test content,A secondary record assigns same-day reserve slots of 241 to the same Juniper Rehabilitation Center operation.
controlled_tier_a_v0.3.1,TIERA_011,v1,TIERA_011_U05,5,80549a1f21cdd15db15b50cf5451464b5ebef9307edf7e645cd232942882de9b,synthetic,Aqlyra internally authored controlled benchmark content,CC0-equivalent internal test content,The related follow-up window is listed for the juniper rehabilitation center service during 10:00-12:00.
controlled_tier_a_v0.3.1,TIERA_011,v1,TIERA_011_U06,6,c58dc7a5214c30efdf5c1f537410a7328559fce3c8e9e1bf1764229016c5c45b,synthetic,Aqlyra internally authored controlled benchmark content,CC0-equivalent internal test content,The broader healthcare / public health context records a separate weekend period of 08:30-10:30 for routine operations.
controlled_tier_a_v0.3.1,TIERA_012,v1,TIERA_012_U01,1,dacb97afdf5012cc4cf92b4364bb3ba31c3aa50109e1cb55a2df3756c07472b3,synthetic,Aqlyra internally authored controlled benchmark content,CC0-equivalent internal test content,Riverside Nutrition Program has a standard appointments per weekday of 1044.
controlled_tier_a_v0.3.1,TIERA_012,v1,TIERA_012_U02,2,98ccf23c17e0c9e0b0159d37aa491bf125ec08601bdb95811de66518e92a8abb,synthetic,Aqlyra internally authored controlled benchmark content,CC0-equivalent internal test content,The nutrition program records a intake window of 14:00-16:00 for its normal service cycle.
controlled_tier_a_v0.3.1,TIERA_012,v1,TIERA_012_U03,3,5feb8b9ff4bf12c475c0c784cebc9ab68fbaf7136ccb98a96f8eb245cc57ae51,synthetic,Aqlyra internally authored controlled benchmark content,CC0-equivalent internal test content,"The designated service lead is Administrative Services, and the published service detail is tied to the Riverside Nutrition Program unit."
controlled_tier_a_v0.3.1,TIERA_012,v1,TIERA_012_U04,4,cc2e3945daf2976f95b8a5e27106e2a60e8fddadb520e714430c0ff65c0a924e,synthetic,Aqlyra internally authored controlled benchmark content,CC0-equivalent internal test content,A secondary record assigns same-day reserve slots of 252 to the same Riverside Nutrition Program operation.
controlled_tier_a_v0.3.1,TIERA_012,v1,TIERA_012_U05,5,58fb00715a76e2a48e047703866db8a2228f6c40136481b059c2ca32193d4efa,synthetic,Aqlyra internally authored controlled benchmark content,CC0-equivalent internal test content,The related follow-up window is listed for the riverside nutrition program service during 11:00-13:00.
controlled_tier_a_v0.3.1,TIERA_012,v1,TIERA_012_U06,6,fb7cd40be9970037d34079e33dec7faff5c4fe170401f13de396abce5e6e743e,synthetic,Aqlyra internally authored controlled benchmark content,CC0-equivalent internal test content,The broader healthcare / public health context records a separate weekend period of 09:00-11:00 for routine operations.
controlled_tier_a_v0.3.1,TIERA_013,v1,TIERA_013_U01,1,4cbffc258576a35c555d5cc561ae35c22f831eafaed54ce91d92d44637d32732,synthetic,Aqlyra internally authored controlled benchmark content,CC0-equivalent internal test content,Cedar Savings Product operates with a standard units processed per day of 1081 per.
controlled_tier_a_v0.3.1,TIERA_013,v1,TIERA_013_U02,2,8cce2f878fe1c1ca9388af4199c16a5b270682c99fe414ebb870fc618cd32eb2,synthetic,Aqlyra internally authored controlled benchmark content,CC0-equivalent internal test content,The savings product records a processing window of 08:30-10:30 for its normal service cycle.
controlled_tier_a_v0.3.1,TIERA_013,v1,TIERA_013_U03,3,cb2cb0489d198f6ba4ee9bb60d0ead0b65ad63236812250336cdd042e120cdf0,synthetic,Aqlyra internally authored controlled benchmark content,CC0-equivalent internal test content,"The designated service owner is Operations Team, and the published service detail is tied to the Cedar Savings Product unit."
controlled_tier_a_v0.3.1,TIERA_013,v1,TIERA_013_U04,4,09dd6d178d3b6a4eeab2d001de01db6fab5a8d986e82e8dbca59190fb9d4a4f5,synthetic,Aqlyra internally authored controlled benchmark content,CC0-equivalent internal test content,A secondary record assigns manual-review reserve of 263 to the same Cedar Savings Product operation.
controlled_tier_a_v0.3.1,TIERA_013,v1,TIERA_013_U05,5,bdde853a14834da50864200b03e0727d83d1ee330901480c35fc1f8cd3c9f202,synthetic,Aqlyra internally authored controlled benchmark content,CC0-equivalent internal test content,The related support window is listed for the cedar savings product service during 13:00-15:00.
controlled_tier_a_v0.3.1,TIERA_013,v1,TIERA_013_U06,6,e1dc6ffa1d1d27eb0a2d2acd0fcdb7ad79c54363474cbd4519b50a5b43b02dc9,synthetic,Aqlyra internally authored controlled benchmark content,CC0-equivalent internal test content,The broader finance / consumer finance context records a separate weekend period of 09:30-11:30 for routine operations.
controlled_tier_a_v0.3.1,TIERA_014,v1,TIERA_014_U01,1,b4d44142b781776f27501b530f378fcfd0db453162ff0f97c96abd0476bb2ee9,synthetic,Aqlyra internally authored controlled benchmark content,CC0-equivalent internal test content,Maple Card Service operates with a standard units processed per day of 1118 per.
controlled_tier_a_v0.3.1,TIERA_014,v1,TIERA_014_U02,2,e55f8e8be5a9126a5e0d3b61b518a2d8722b4f17f34b496a5674f485c2f6253b,synthetic,Aqlyra internally authored controlled benchmark content,CC0-equivalent internal test content,The card service records a processing window of 09:00-11:00 for its normal service cycle.
controlled_tier_a_v0.3.1,TIERA_014,v1,TIERA_014_U03,3,e17e5248952827cd56d9d78ccfa8534712b562ec3feb2ee1934e9186bbd711a3,synthetic,Aqlyra internally authored controlled benchmark content,CC0-equivalent internal test content,"The designated service owner is Service Desk, and the published service detail is tied to the Maple Card Service unit."
controlled_tier_a_v0.3.1,TIERA_014,v1,TIERA_014_U04,4,5fbf679f8ef1ba31be1cdbce590ae0ed63f185ae5385373b5345f23cf612c629,synthetic,Aqlyra internally authored controlled benchmark content,CC0-equivalent internal test content,A secondary record assigns manual-review reserve of 274 to the same Maple Card Service operation.
controlled_tier_a_v0.3.1,TIERA_014,v1,TIERA_014_U05,5,f916c798612ab0115040b013113ad48caedcd2e1bd7a8aac5ad2a856ab1209bf,synthetic,Aqlyra internally authored controlled benchmark content,CC0-equivalent internal test content,The related support window is listed for the maple card service service during 14:00-16:00.
controlled_tier_a_v0.3.1,TIERA_014,v1,TIERA_014_U06,6,d9a4edbfcf3c29d4e4bdc37494b2e1bc8c906f1ae6d94ded50777f401f301a67,synthetic,Aqlyra internally authored controlled benchmark content,CC0-equivalent internal test content,The broader finance / consumer finance context records a separate weekend period of 10:00-12:00 for routine operations.
controlled_tier_a_v0.3.1,TIERA_015,v1,TIERA_015_U01,1,f9aab419ec2013175cb3d122c810b1a190d6f793b5005516fb3fde4f005a2063,synthetic,Aqlyra internally authored controlled benchmark content,CC0-equivalent internal test content,Harbor Remittance Service operates with a standard units processed per day of 1155 per.
controlled_tier_a_v0.3.1,TIERA_015,v1,TIERA_015_U02,2,0ce2dc209ce490fe38ebc89494cfc9340e10685f7a0d17cfb1bc6a26e4aaa6aa,synthetic,Aqlyra internally authored controlled benchmark content,CC0-equivalent internal test content,The remittance service records a processing window of 09:30-11:30 for its normal service cycle.
controlled_tier_a_v0.3.1,TIERA_015,v1,TIERA_015_U03,3,6d64a54d2a618390b1f310790dfd2e0ea0efdb0c167a2c12728a3ef7ea4966b6,synthetic,Aqlyra internally authored controlled benchmark content,CC0-equivalent internal test content,"The designated service owner is Program Office, and the published service detail is tied to the Harbor Remittance Service unit."
controlled_tier_a_v0.3.1,TIERA_015,v1,TIERA_015_U04,4,ab8019c3634539c9a7ef1b30d873cf16165f7ab64457879ef789bc69d8892b51,synthetic,Aqlyra internally authored controlled benchmark content,CC0-equivalent internal test content,A secondary record assigns manual-review reserve of 285 to the same Harbor Remittance Service operation.
controlled_tier_a_v0.3.1,TIERA_015,v1,TIERA_015_U05,5,5192ed5fefafc0341083a8e76ffd840b83790f6fbfd22960de314e03ad0b4abd,synthetic,Aqlyra internally authored controlled benchmark content,CC0-equivalent internal test content,The related support window is listed for the harbor remittance service service during 15:00-17:00.
controlled_tier_a_v0.3.1,TIERA_015,v1,TIERA_015_U06,6,71e0a7a21522043882b4b3a4b13960334ee4e0af510690aa9365fd0167187e24,synthetic,Aqlyra internally authored controlled benchmark content,CC0-equivalent internal test content,The broader finance / consumer finance context records a separate weekend period of 13:00-15:00 for routine operations.
controlled_tier_a_v0.3.1,TIERA_016,v1,TIERA_016_U01,1,d33699c94d45d75aab82e4dfd9960e7f09ce3b6c7abd698ba73cff40e8969137,synthetic,Aqlyra internally authored controlled benchmark content,CC0-equivalent internal test content,Northstar Invoice Platform operates with a standard units processed per day of 1192 per.
controlled_tier_a_v0.3.1,TIERA_016,v1,TIERA_016_U02,2,6b340380ed3120fd28604469b8c40287692f1dc6a8dbda7bed3341199966b1d9,synthetic,Aqlyra internally authored controlled benchmark content,CC0-equivalent internal test content,The invoice platform records a processing window of 10:00-12:00 for its normal service cycle.
controlled_tier_a_v0.3.1,TIERA_016,v1,TIERA_016_U03,3,4c9d735027b60caff9f86721807b439419a8f02f499bb7d7081d4a711f8b312e,synthetic,Aqlyra internally authored controlled benchmark content,CC0-equivalent internal test content,"The designated service owner is Site Operations, and the published service detail is tied to the Northstar Invoice Platform unit."
controlled_tier_a_v0.3.1,TIERA_016,v1,TIERA_016_U04,4,e19ca5cfb810844e17502ab933251d3a357df7b22757ad25e089a90f092f5345,synthetic,Aqlyra internally authored controlled benchmark content,CC0-equivalent internal test content,A secondary record assigns manual-review reserve of 296 to the same Northstar Invoice Platform operation.
controlled_tier_a_v0.3.1,TIERA_016,v1,TIERA_016_U05,5,1f777beda84cde3c5cd525926e8b5e6a9e47d7a5ea2c932d220dc2c57b3ea81f,synthetic,Aqlyra internally authored controlled benchmark content,CC0-equivalent internal test content,The related support window is listed for the northstar invoice platform service during 16:00-18:00.
controlled_tier_a_v0.3.1,TIERA_016,v1,TIERA_016_U06,6,7e067905351c64a4f7c38b9f31b852dd2e3ba76f916040eef4e8b3fd0eddafb0,synthetic,Aqlyra internally authored controlled benchmark content,CC0-equivalent internal test content,The broader finance / consumer finance context records a separate weekend period of 14:00-16:00 for routine operations.
controlled_tier_a_v0.3.1,TIERA_017,v1,TIERA_017_U01,1,f2e7e2ee6b942bfd7f4676cba94eba0b7733b4c80a1fbdebe132e837345a6b7f,synthetic,Aqlyra internally authored controlled benchmark content,CC0-equivalent internal test content,Juniper Budget Program operates with a standard units processed per day of 1229 per.
controlled_tier_a_v0.3.1,TIERA_017,v1,TIERA_017_U02,2,deba265da7f49c3f7794d38b66eb20337d67bc10c69d3587bcf6b956f9707956,synthetic,Aqlyra internally authored controlled benchmark content,CC0-equivalent internal test content,The budget program records a processing window of 13:00-15:00 for its normal service cycle.
controlled_tier_a_v0.3.1,TIERA_017,v1,TIERA_017_U03,3,4a6038eb2aa7dfb43a5581027261cc88ef2d86e69a24114ae03ff2a402203729,synthetic,Aqlyra internally authored controlled benchmark content,CC0-equivalent internal test content,"The designated service owner is Customer Operations, and the published service detail is tied to the Juniper Budget Program unit."
controlled_tier_a_v0.3.1,TIERA_017,v1,TIERA_017_U04,4,d768bc646d2062c36119b9757078dc40525165db815dae698e38e3b0b16005ab,synthetic,Aqlyra internally authored controlled benchmark content,CC0-equivalent internal test content,A secondary record assigns manual-review reserve of 307 to the same Juniper Budget Program operation.
controlled_tier_a_v0.3.1,TIERA_017,v1,TIERA_017_U05,5,0c57fb26981c2054bd7691a03d65aff810aedecd03cab9fd77b894446c4aa68a,synthetic,Aqlyra internally authored controlled benchmark content,CC0-equivalent internal test content,The related support window is listed for the juniper budget program service during 10:00-12:00.
controlled_tier_a_v0.3.1,TIERA_017,v1,TIERA_017_U06,6,928170feef3c76895afd54ae62a5e5e4bd69bc805e744695298e4b33838b9cec,synthetic,Aqlyra internally authored controlled benchmark content,CC0-equivalent internal test content,The broader finance / consumer finance context records a separate weekend period of 08:30-10:30 for routine operations.
controlled_tier_a_v0.3.1,TIERA_018,v1,TIERA_018_U01,1,50359e70cc846ad63d4e1ec8f012c63a0b150e924029f3b4597355b688eb00c2,synthetic,Aqlyra internally authored controlled benchmark content,CC0-equivalent internal test content,Riverside Credit Education operates with a standard units processed per day of 1266 per.
controlled_tier_a_v0.3.1,TIERA_018,v1,TIERA_018_U02,2,3c7f7bb7cef34fe121c8fae6199bf6c863f4e15c0c8ff98ccc459391d43f18c1,synthetic,Aqlyra internally authored controlled benchmark content,CC0-equivalent internal test content,The credit education records a processing window of 14:00-16:00 for its normal service cycle.
controlled_tier_a_v0.3.1,TIERA_018,v1,TIERA_018_U03,3,5760c8da2bce8dd67d2646de0297d63f02e0592b170f069a096eb9fdef2b6011,synthetic,Aqlyra internally authored controlled benchmark content,CC0-equivalent internal test content,"The designated service owner is Administrative Services, and the published service detail is tied to the Riverside Credit Education unit."
controlled_tier_a_v0.3.1,TIERA_018,v1,TIERA_018_U04,4,244c7b5a9788bd88473354ad1d553cb6fabd2035c88302b0aa85c79b0926714a,synthetic,Aqlyra internally authored controlled benchmark content,CC0-equivalent internal test content,A secondary record assigns manual-review reserve of 318 to the same Riverside Credit Education operation.
controlled_tier_a_v0.3.1,TIERA_018,v1,TIERA_018_U05,5,6cd610618c92dbcd029db9b0f8a647c8cc8fc1911ba1b6ac1b4aaa30d5c503f3,synthetic,Aqlyra internally authored controlled benchmark content,CC0-equivalent internal test content,The related support window is listed for the riverside credit education service during 11:00-13:00.
controlled_tier_a_v0.3.1,TIERA_018,v1,TIERA_018_U06,6,4529fe9e94dfafdda5892a61a114c2f761c9d711a776938ea421cb283786e961,synthetic,Aqlyra internally authored controlled benchmark content,CC0-equivalent internal test content,The broader finance / consumer finance context records a separate weekend period of 09:00-11:00 for routine operations.
controlled_tier_a_v0.3.1,TIERA_019,v1,TIERA_019_U01,1,f2d71850f676e1f3df640a8e8e6bd6d9c1c7eff8e66a53f6aade2c6090451f28,synthetic,Aqlyra internally authored controlled benchmark content,CC0-equivalent internal test content,Cedar Metro Line has a standard units handled per departure of 1303.
controlled_tier_a_v0.3.1,TIERA_019,v1,TIERA_019_U02,2,e93ae1967f0fb4265c2e9d0584174390841917f938b9c20538beccb04b81f156,synthetic,Aqlyra internally authored controlled benchmark content,CC0-equivalent internal test content,The metro line records a boarding cutoff of 08:30-10:30 for its normal service cycle.
controlled_tier_a_v0.3.1,TIERA_019,v1,TIERA_019_U03,3,e6b62327a6dda8a49e8f468b923193e600d4b4911d65362f494416ab894f4b65,synthetic,Aqlyra internally authored controlled benchmark content,CC0-equivalent internal test content,"The designated operations lead is Operations Team, and the published service detail is tied to the Cedar Metro Line unit."
controlled_tier_a_v0.3.1,TIERA_019,v1,TIERA_019_U04,4,1b2e0a2d0696777256922172caeb35b871bb9faaf2774191b3d09e0d6e382f09,synthetic,Aqlyra internally authored controlled benchmark content,CC0-equivalent internal test content,A secondary record assigns standby capacity of 329 to the same Cedar Metro Line operation.
controlled_tier_a_v0.3.1,TIERA_019,v1,TIERA_019_U05,5,2f72ec2f8112b5fe164c19e1fe370f2565c85e39daf7a092c3abe20ba70b7c41,synthetic,Aqlyra internally authored controlled benchmark content,CC0-equivalent internal test content,The related customer-service window is listed for the cedar metro line service during 13:00-15:00.
controlled_tier_a_v0.3.1,TIERA_019,v1,TIERA_019_U06,6,eadb0102227668c0de889b808f4e66e5ff40924b96a69c853c5e9c7a77931dc3,synthetic,Aqlyra internally authored controlled benchmark content,CC0-equivalent internal test content,The broader transportation / logistics context records a separate weekend period of 09:30-11:30 for routine operations.
controlled_tier_a_v0.3.1,TIERA_020,v1,TIERA_020_U01,1,44a58cb15124b056a76d7dd5661389cdbc483ac9b129d7d895b7f19149eeb66a,synthetic,Aqlyra internally authored controlled benchmark content,CC0-equivalent internal test content,Maple Bus Network has a standard units handled per departure of 1340.
controlled_tier_a_v0.3.1,TIERA_020,v1,TIERA_020_U02,2,4d2bb1c381c249e492b66f42f0e127987efb27d578cc5d47695efda2108651df,synthetic,Aqlyra internally authored controlled benchmark content,CC0-equivalent internal test content,The bus network records a boarding cutoff of 09:00-11:00 for its normal service cycle.
controlled_tier_a_v0.3.1,TIERA_020,v1,TIERA_020_U03,3,e2198ef9a808e3db959b958aa5fc4ccc59f7d919a3d5008a476691dc24418fb1,synthetic,Aqlyra internally authored controlled benchmark content,CC0-equivalent internal test content,"The designated operations lead is Service Desk, and the published service detail is tied to the Maple Bus Network unit."
controlled_tier_a_v0.3.1,TIERA_020,v1,TIERA_020_U04,4,feb667e52b7ce48ff15e0c0d076855aabd2ea667275d7ef05b569023a00a8574,synthetic,Aqlyra internally authored controlled benchmark content,CC0-equivalent internal test content,A secondary record assigns standby capacity of 340 to the same Maple Bus Network operation.
controlled_tier_a_v0.3.1,TIERA_020,v1,TIERA_020_U05,5,bbcf30d6125947fd0e4d1a3a9af6deb380bdf280d11759c18ae47eff378b098a,synthetic,Aqlyra internally authored controlled benchmark content,CC0-equivalent internal test content,The related customer-service window is listed for the maple bus network service during 14:00-16:00.
controlled_tier_a_v0.3.1,TIERA_020,v1,TIERA_020_U06,6,18da1cf74137f611bfbe10b88e33d4261aa2e66a752f1dda2367b2d668b9ebb6,synthetic,Aqlyra internally authored controlled benchmark content,CC0-equivalent internal test content,The broader transportation / logistics context records a separate weekend period of 10:00-12:00 for routine operations.
controlled_tier_a_v0.3.1,TIERA_021,v1,TIERA_021_U01,1,1a25ae95911a5d5dafd1a583590113b52e38171b3716baffca940d704b6c991b,synthetic,Aqlyra internally authored controlled benchmark content,CC0-equivalent internal test content,Harbor Freight Terminal has a standard units handled per departure of 1377.
controlled_tier_a_v0.3.1,TIERA_021,v1,TIERA_021_U02,2,8edf88eec276a52a584c452c4ea37317a3c3297e5cc93bf497305081cefea995,synthetic,Aqlyra internally authored controlled benchmark content,CC0-equivalent internal test content,The freight terminal records a boarding cutoff of 09:30-11:30 for its normal service cycle.
controlled_tier_a_v0.3.1,TIERA_021,v1,TIERA_021_U03,3,eaab165410ff8a8548d9654c3f833a37cce03c9dc691c7a980c5c410016ec157,synthetic,Aqlyra internally authored controlled benchmark content,CC0-equivalent internal test content,"The designated operations lead is Program Office, and the published service detail is tied to the Harbor Freight Terminal unit."
controlled_tier_a_v0.3.1,TIERA_021,v1,TIERA_021_U04,4,1c6c4903de45f239e7f6e5cee9eadfc9967dee138c3fe1c51bd94dc5c08ea938,synthetic,Aqlyra internally authored controlled benchmark content,CC0-equivalent internal test content,A secondary record assigns standby capacity of 351 to the same Harbor Freight Terminal operation.
controlled_tier_a_v0.3.1,TIERA_021,v1,TIERA_021_U05,5,53d676e478fe01580d1c66fa5ebe60a55e8b8b4ecc7cc51181055e600f487e5b,synthetic,Aqlyra internally authored controlled benchmark content,CC0-equivalent internal test content,The related customer-service window is listed for the harbor freight terminal service during 15:00-17:00.
controlled_tier_a_v0.3.1,TIERA_021,v1,TIERA_021_U06,6,4e438fa06ec8ea75c11a50c27557cea64e149432130f97f75f5bce18c46e8b56,synthetic,Aqlyra internally authored controlled benchmark content,CC0-equivalent internal test content,The broader transportation / logistics context records a separate weekend period of 13:00-15:00 for routine operations.
controlled_tier_a_v0.3.1,TIERA_022,v1,TIERA_022_U01,1,fc67cc5c2e2ec7dfddc850d4d7be347b39ea18615489d51fc356f07459afbc97,synthetic,Aqlyra internally authored controlled benchmark content,CC0-equivalent internal test content,Northstar Parcel Hub has a standard units handled per departure of 1414.
controlled_tier_a_v0.3.1,TIERA_022,v1,TIERA_022_U02,2,53f2351d93e3679c525c338793213e2664732f18701065a511fd50d89641f383,synthetic,Aqlyra internally authored controlled benchmark content,CC0-equivalent internal test content,The parcel hub records a boarding cutoff of 10:00-12:00 for its normal service cycle.
controlled_tier_a_v0.3.1,TIERA_022,v1,TIERA_022_U03,3,09ed8ed722263ef86e7321936b89fb45c49fcac647ec5d2612830f0eb8886c26,synthetic,Aqlyra internally authored controlled benchmark content,CC0-equivalent internal test content,"The designated operations lead is Site Operations, and the published service detail is tied to the Northstar Parcel Hub unit."
controlled_tier_a_v0.3.1,TIERA_022,v1,TIERA_022_U04,4,fb8e0645a120386cc8aa299dbe56ddd5aff0d3416660b5c32c1b27a96498a835,synthetic,Aqlyra internally authored controlled benchmark content,CC0-equivalent internal test content,A secondary record assigns standby capacity of 362 to the same Northstar Parcel Hub operation.
controlled_tier_a_v0.3.1,TIERA_022,v1,TIERA_022_U05,5,2e768995f8db13d232efbcd5cfe027c3f0d92b6234f5d6f41b12e624ef9f0192,synthetic,Aqlyra internally authored controlled benchmark content,CC0-equivalent internal test content,The related customer-service window is listed for the northstar parcel hub service during 16:00-18:00.
controlled_tier_a_v0.3.1,TIERA_022,v1,TIERA_022_U06,6,9926d0db2b13377de3c53459b78485db1b0a6b3908a9074368699f6bbbf3df9f,synthetic,Aqlyra internally authored controlled benchmark content,CC0-equivalent internal test content,The broader transportation / logistics context records a separate weekend period of 14:00-16:00 for routine operations.
controlled_tier_a_v0.3.1,TIERA_023,v1,TIERA_023_U01,1,89a54266eaab0b7abe6cc9c2f8b9a8cd29d782480def8d4648effe652aa67492,synthetic,Aqlyra internally authored controlled benchmark content,CC0-equivalent internal test content,Juniper Bike Share has a standard units handled per departure of 1451.
controlled_tier_a_v0.3.1,TIERA_023,v1,TIERA_023_U02,2,83a989f4c6a59de85b99080768722dc6211ab6633d6f84a1540513529b9304eb,synthetic,Aqlyra internally authored controlled benchmark content,CC0-equivalent internal test content,The bike share records a boarding cutoff of 13:00-15:00 for its normal service cycle.
controlled_tier_a_v0.3.1,TIERA_023,v1,TIERA_023_U03,3,3134e5a953e610af1abad9fdb26d5022d6fb1f71013a0bb6ca74fdd680be9894,synthetic,Aqlyra internally authored controlled benchmark content,CC0-equivalent internal test content,"The designated operations lead is Customer Operations, and the published service detail is tied to the Juniper Bike Share unit."
controlled_tier_a_v0.3.1,TIERA_023,v1,TIERA_023_U04,4,1c5b52ac1cd14bb13c51529e064d191dcbca79f8416aed9c2ab2bc975c815d0d,synthetic,Aqlyra internally authored controlled benchmark content,CC0-equivalent internal test content,A secondary record assigns standby capacity of 373 to the same Juniper Bike Share operation.
controlled_tier_a_v0.3.1,TIERA_023,v1,TIERA_023_U05,5,a7e5257adc55d0a8052ca687daaaec904ea559385eb9487f30c8fc5956867359,synthetic,Aqlyra internally authored controlled benchmark content,CC0-equivalent internal test content,The related customer-service window is listed for the juniper bike share service during 10:00-12:00.
controlled_tier_a_v0.3.1,TIERA_023,v1,TIERA_023_U06,6,97b4811814059c2594aa58a716ec1ceedbcefe14fe145b41f56f74daf902c81f,synthetic,Aqlyra internally authored controlled benchmark content,CC0-equivalent internal test content,The broader transportation / logistics context records a separate weekend period of 08:30-10:30 for routine operations.
controlled_tier_a_v0.3.1,TIERA_024,v1,TIERA_024_U01,1,e51ac4bad00f489fb3db56b399247a767a794afeb83b244d047bbfc2226045d6,synthetic,Aqlyra internally authored controlled benchmark content,CC0-equivalent internal test content,Riverside Ferry Service has a standard units handled per departure of 1488.
controlled_tier_a_v0.3.1,TIERA_024,v1,TIERA_024_U02,2,b2b58a93c53a47cc7e5cca479f508a404b57f3bc6a5b5e11656fb536d382c010,synthetic,Aqlyra internally authored controlled benchmark content,CC0-equivalent internal test content,The ferry service records a boarding cutoff of 14:00-16:00 for its normal service cycle.
controlled_tier_a_v0.3.1,TIERA_024,v1,TIERA_024_U03,3,b3c15090b0750f91f3bcdf614217cbb29e83f5b8205b5332e8661ee77f80dc98,synthetic,Aqlyra internally authored controlled benchmark content,CC0-equivalent internal test content,"The designated operations lead is Administrative Services, and the published service detail is tied to the Riverside Ferry Service unit."
controlled_tier_a_v0.3.1,TIERA_024,v1,TIERA_024_U04,4,574b534bb96ac001e7f4aff16b32486397a5c1eed4ed1e0e0d8dc909be39159d,synthetic,Aqlyra internally authored controlled benchmark content,CC0-equivalent internal test content,A secondary record assigns standby capacity of 384 to the same Riverside Ferry Service operation.
controlled_tier_a_v0.3.1,TIERA_024,v1,TIERA_024_U05,5,eddfe06454de9d345f8413348c569dc687e92a1774631fb446e0eb9831a96661,synthetic,Aqlyra internally authored controlled benchmark content,CC0-equivalent internal test content,The related customer-service window is listed for the riverside ferry service service during 11:00-13:00.
controlled_tier_a_v0.3.1,TIERA_024,v1,TIERA_024_U06,6,97cec81b1e7f9008e311925b6cd8da8fd9d7d00b5df191b45a6e4e65defc4d8f,synthetic,Aqlyra internally authored controlled benchmark content,CC0-equivalent internal test content,The broader transportation / logistics context records a separate weekend period of 09:00-11:00 for routine operations.
controlled_tier_a_v0.3.1,TIERA_025,v1,TIERA_025_U01,1,0898423f3ff1f48bd4947627886bf33d53e4d832de4676226a96fab01757193b,synthetic,Aqlyra internally authored controlled benchmark content,CC0-equivalent internal test content,Cedar Training Center has a standard standard seats of 1525.
controlled_tier_a_v0.3.1,TIERA_025,v1,TIERA_025_U02,2,aee1c690b5827aafad1725de0123f0ab17f2e0400145ce90262088a9b5cef7f7,synthetic,Aqlyra internally authored controlled benchmark content,CC0-equivalent internal test content,The training center records a submission window of 08:30-10:30 for its normal service cycle.
controlled_tier_a_v0.3.1,TIERA_025,v1,TIERA_025_U03,3,1878e976d2019483e54b42bbb89acdfec8929b68ed30b34ca3efcad52bea81e4,synthetic,Aqlyra internally authored controlled benchmark content,CC0-equivalent internal test content,"The designated program coordinator is Operations Team, and the published service detail is tied to the Cedar Training Center unit."
controlled_tier_a_v0.3.1,TIERA_025,v1,TIERA_025_U04,4,984715cf3295d527cfe21c7a432d61f3d251c3ff29abfaf45fbbd7fd697fe342,synthetic,Aqlyra internally authored controlled benchmark content,CC0-equivalent internal test content,A secondary record assigns reserve seats of 395 to the same Cedar Training Center operation. A separate entry in the same record lists the standard standard seats as 1662.
controlled_tier_a_v0.3.1,TIERA_025,v1,TIERA_025_U05,5,72a9ef2b0f3d3e747e25fa60e913a2c4913a1572161fcb4a626337823bf2add5,synthetic,Aqlyra internally authored controlled benchmark content,CC0-equivalent internal test content,The related support window is listed for the cedar training center service during 13:00-15:00.
controlled_tier_a_v0.3.1,TIERA_025,v1,TIERA_025_U06,6,1fa89d2772f4b86bb8c7e96c6f596a1292f5cf4ed0226cf005ee9484a07e2e50,synthetic,Aqlyra internally authored controlled benchmark content,CC0-equivalent internal test content,The broader education / training context records a separate weekend period of 09:30-11:30 for routine operations.
controlled_tier_a_v0.3.1,TIERA_026,v1,TIERA_026_U01,1,b6a8ec4896f2d3cf598b176aa84c0e60a2d6b6080e7b5645ffd63b6a762a58b9,synthetic,Aqlyra internally authored controlled benchmark content,CC0-equivalent internal test content,Maple University Course has a standard standard seats of 1562.
controlled_tier_a_v0.3.1,TIERA_026,v1,TIERA_026_U02,2,00005c4e90f7746c558283847071280116b35ddf9ff42dac3b1b665d7921dcad,synthetic,Aqlyra internally authored controlled benchmark content,CC0-equivalent internal test content,The university course records a submission window of 09:00-11:00 for its normal service cycle.
controlled_tier_a_v0.3.1,TIERA_026,v1,TIERA_026_U03,3,18bd4460c0105c7612913f1385124d4cc98252efa7318c72641f3cdc295551c5,synthetic,Aqlyra internally authored controlled benchmark content,CC0-equivalent internal test content,"The designated program coordinator is Service Desk, and the published service detail is tied to the Maple University Course unit."
controlled_tier_a_v0.3.1,TIERA_026,v1,TIERA_026_U04,4,38203c7c4678fda87d7c08ef01eb934b525aa2d7fdc2623e1e9bac9b371411de,synthetic,Aqlyra internally authored controlled benchmark content,CC0-equivalent internal test content,A secondary record assigns reserve seats of 406 to the same Maple University Course operation. A separate entry in the same record lists the standard standard seats as 1699.
controlled_tier_a_v0.3.1,TIERA_026,v1,TIERA_026_U05,5,8d9aeb21faf710c4290ee11996788cb9cf1ce131f75566b1aeda24839ee12f2e,synthetic,Aqlyra internally authored controlled benchmark content,CC0-equivalent internal test content,The related support window is listed for the maple university course service during 14:00-16:00.
controlled_tier_a_v0.3.1,TIERA_026,v1,TIERA_026_U06,6,7d07c9a113de93eedf92f75217d2541a367ccd445469493088f7486f0d8400f9,synthetic,Aqlyra internally authored controlled benchmark content,CC0-equivalent internal test content,The broader education / training context records a separate weekend period of 10:00-12:00 for routine operations.
controlled_tier_a_v0.3.1,TIERA_027,v1,TIERA_027_U01,1,0d854695f2ee400e287cfd3f825e1148d868a7a9326f7b275ec258f48998da82,synthetic,Aqlyra internally authored controlled benchmark content,CC0-equivalent internal test content,Harbor Language Program has a standard standard seats of 1599.
controlled_tier_a_v0.3.1,TIERA_027,v1,TIERA_027_U02,2,8861246eb3dc3fab5c4be4dd3024bdd270fb3abcbc8fd3dfe38ae2dd7030efe9,synthetic,Aqlyra internally authored controlled benchmark content,CC0-equivalent internal test content,The language program records a submission window of 09:30-11:30 for its normal service cycle.
controlled_tier_a_v0.3.1,TIERA_027,v1,TIERA_027_U03,3,4a5c0cfa62548ed6b23990cdfb2859e777aaec70a0a2a16aaa377b633d83ddc9,synthetic,Aqlyra internally authored controlled benchmark content,CC0-equivalent internal test content,"The designated program coordinator is Program Office, and the published service detail is tied to the Harbor Language Program unit."
controlled_tier_a_v0.3.1,TIERA_027,v1,TIERA_027_U04,4,3c872dcb6c54b88c7adcdfb2ab9f9e4f3e88e9a2e74d71721bfa000fe18927b4,synthetic,Aqlyra internally authored controlled benchmark content,CC0-equivalent internal test content,A secondary record assigns reserve seats of 417 to the same Harbor Language Program operation. A separate entry in the same record lists the standard standard seats as 1736.
controlled_tier_a_v0.3.1,TIERA_027,v1,TIERA_027_U05,5,e45d6d9e74cfcf2a9c6de9d5fb93db27ef60053f47b4d9e9990b97cb9d64579b,synthetic,Aqlyra internally authored controlled benchmark content,CC0-equivalent internal test content,The related support window is listed for the harbor language program service during 15:00-17:00.
controlled_tier_a_v0.3.1,TIERA_027,v1,TIERA_027_U06,6,068a1f8508f2da7163448dd1a3d5e149b99719cbc44139f9ebecc9fed880063d,synthetic,Aqlyra internally authored controlled benchmark content,CC0-equivalent internal test content,The broader education / training context records a separate weekend period of 13:00-15:00 for routine operations.
controlled_tier_a_v0.3.1,TIERA_028,v1,TIERA_028_U01,1,2f6688638c3930c3ebc3e775d947cbffb1c46b530d0e99503fbde8706d6e6931,synthetic,Aqlyra internally authored controlled benchmark content,CC0-equivalent internal test content,Northstar Certification Program has a standard standard seats of 1636.
controlled_tier_a_v0.3.1,TIERA_028,v1,TIERA_028_U02,2,f03ea8e72f12522f7058a0536294fb9f57076662080670be7293b47cd3365ad9,synthetic,Aqlyra internally authored controlled benchmark content,CC0-equivalent internal test content,The certification program records a submission window of 10:00-12:00 for its normal service cycle.
controlled_tier_a_v0.3.1,TIERA_028,v1,TIERA_028_U03,3,22473e41210e3f4340f6f6ab841407246ed5e9e309010b33d650293c220e8ebf,synthetic,Aqlyra internally authored controlled benchmark content,CC0-equivalent internal test content,"The designated program coordinator is Site Operations, and the published service detail is tied to the Northstar Certification Program unit."
controlled_tier_a_v0.3.1,TIERA_028,v1,TIERA_028_U04,4,77bd437f95501d330c7fc47120f040000738974a9e909379d515f5aac27cea2e,synthetic,Aqlyra internally authored controlled benchmark content,CC0-equivalent internal test content,A secondary record assigns reserve seats of 428 to the same Northstar Certification Program operation. A separate entry in the same record lists the standard standard seats as 1773.
controlled_tier_a_v0.3.1,TIERA_028,v1,TIERA_028_U05,5,85e6489ae25231a1193b701b32815120f3cacf68ae0063b7c49e927dbfaf52df,synthetic,Aqlyra internally authored controlled benchmark content,CC0-equivalent internal test content,The related support window is listed for the northstar certification program service during 16:00-18:00.
controlled_tier_a_v0.3.1,TIERA_028,v1,TIERA_028_U06,6,72cf2d3a56abd4642cd8d434c50590530f71921874003d80337bb15ae0905792,synthetic,Aqlyra internally authored controlled benchmark content,CC0-equivalent internal test content,The broader education / training context records a separate weekend period of 14:00-16:00 for routine operations.
controlled_tier_a_v0.3.1,TIERA_029,v1,TIERA_029_U01,1,b3b7d503a0808a728f6212dcef5f9c3c5294c6c53c74f2043de5cc0f97be55f3,synthetic,Aqlyra internally authored controlled benchmark content,CC0-equivalent internal test content,Juniper Online Workshop has a standard standard seats of 1673.
controlled_tier_a_v0.3.1,TIERA_029,v1,TIERA_029_U02,2,c908d7d9dff2dfb514a8ec2df9035a8b05f68ebd4f5587a85ec89d0105ea5815,synthetic,Aqlyra internally authored controlled benchmark content,CC0-equivalent internal test content,The online workshop records a submission window of 13:00-15:00 for its normal service cycle.
controlled_tier_a_v0.3.1,TIERA_029,v1,TIERA_029_U03,3,884b6ce827ba6c12c4655d3670aa23c6c999b161011b81a3aa0b8278e7742bde,synthetic,Aqlyra internally authored controlled benchmark content,CC0-equivalent internal test content,"The designated program coordinator is Customer Operations, and the published service detail is tied to the Juniper Online Workshop unit."
controlled_tier_a_v0.3.1,TIERA_029,v1,TIERA_029_U04,4,90d8129f7ecb86329dd6d131ef132fe3d73ef02d88f05cbdac1d73a86aac66a4,synthetic,Aqlyra internally authored controlled benchmark content,CC0-equivalent internal test content,A secondary record assigns reserve seats of 439 to the same Juniper Online Workshop operation. A separate entry in the same record lists the standard standard seats as 1810.
controlled_tier_a_v0.3.1,TIERA_029,v1,TIERA_029_U05,5,e1b74322d3691e1d115e5768da6c9ae4802b6a8af5bbe934953779a396092fe7,synthetic,Aqlyra internally authored controlled benchmark content,CC0-equivalent internal test content,The related support window is listed for the juniper online workshop service during 10:00-12:00.
controlled_tier_a_v0.3.1,TIERA_029,v1,TIERA_029_U06,6,70a08386804eebd9e3c076de6124cd6200ddfa935c02ab76aaf797542daf5d30,synthetic,Aqlyra internally authored controlled benchmark content,CC0-equivalent internal test content,The broader education / training context records a separate weekend period of 08:30-10:30 for routine operations.
controlled_tier_a_v0.3.1,TIERA_030,v1,TIERA_030_U01,1,61f0a680d56b95a4aaf7d2565acf64742d1338ccc55e0e74bb4f2e9cc0212d1a,synthetic,Aqlyra internally authored controlled benchmark content,CC0-equivalent internal test content,Riverside Library Program has a standard standard seats of 1710.
controlled_tier_a_v0.3.1,TIERA_030,v1,TIERA_030_U02,2,4b2f2d298aed517ba2e69d2bda12cf2f005c89e82ab276143dbf62ee24e9a52e,synthetic,Aqlyra internally authored controlled benchmark content,CC0-equivalent internal test content,The library program records a submission window of 14:00-16:00 for its normal service cycle.
controlled_tier_a_v0.3.1,TIERA_030,v1,TIERA_030_U03,3,990176bb6242e562d158821c7a77f846e6d756a921abc2ce87c61f6e4723be31,synthetic,Aqlyra internally authored controlled benchmark content,CC0-equivalent internal test content,"The designated program coordinator is Administrative Services, and the published service detail is tied to the Riverside Library Program unit."
controlled_tier_a_v0.3.1,TIERA_030,v1,TIERA_030_U04,4,2c59c36cabfb6605afda4c80e241f0be2ec416e45fd4cc341f0dee2d2652aa31,synthetic,Aqlyra internally authored controlled benchmark content,CC0-equivalent internal test content,A secondary record assigns reserve seats of 450 to the same Riverside Library Program operation. A separate entry in the same record lists the standard standard seats as 1847.
controlled_tier_a_v0.3.1,TIERA_030,v1,TIERA_030_U05,5,a7fe00116f86f13120c26050aafe00a1b900c878c27a8429f24c0a6863429702,synthetic,Aqlyra internally authored controlled benchmark content,CC0-equivalent internal test content,The related support window is listed for the riverside library program service during 11:00-13:00.
controlled_tier_a_v0.3.1,TIERA_030,v1,TIERA_030_U06,6,b9c304778072c46cf62c846037fa8fbfdba5ee6920e857a9d2320191852a52a2,synthetic,Aqlyra internally authored controlled benchmark content,CC0-equivalent internal test content,The broader education / training context records a separate weekend period of 09:00-11:00 for routine operations.
controlled_tier_a_v0.3.1,TIERA_031,v1,TIERA_031_U01,1,e0b789805aa170c64215ba9213e7c66dbabf4d240c6f4f19f86fb73a54d4b8fe,synthetic,Aqlyra internally authored controlled benchmark content,CC0-equivalent internal test content,Cedar Water Facility operates with a standard units monitored per day of 1747 per.
controlled_tier_a_v0.3.1,TIERA_031,v1,TIERA_031_U02,2,ed6703822238ecc6172540a3d1ea9f2f15449555de30e390982346b1fe982273,synthetic,Aqlyra internally authored controlled benchmark content,CC0-equivalent internal test content,The water facility records a inspection window of 08:30-10:30 for its normal service cycle.
controlled_tier_a_v0.3.1,TIERA_031,v1,TIERA_031_U03,3,1a608751c568e3d57d023148576a9590e2c6b2fdee3f3d91c00fa0cad002ecca,synthetic,Aqlyra internally authored controlled benchmark content,CC0-equivalent internal test content,"The designated site manager is Operations Team, and the published service detail is tied to the Cedar Water Facility unit."
controlled_tier_a_v0.3.1,TIERA_031,v1,TIERA_031_U04,4,8bcb8ab86bb8981603fb08531beda51a5199001e7987ca024f9d6055caee2f32,synthetic,Aqlyra internally authored controlled benchmark content,CC0-equivalent internal test content,A secondary record assigns reserve capacity of 461 to the same Cedar Water Facility operation. A separate entry in the same record lists the standard units monitored per day as 1884.
controlled_tier_a_v0.3.1,TIERA_031,v1,TIERA_031_U05,5,19c868a69787b696797ae48937f9321c95b68b19b29aaae338b570b9784d9884,synthetic,Aqlyra internally authored controlled benchmark content,CC0-equivalent internal test content,The related reporting window is listed for the cedar water facility service during 13:00-15:00.
controlled_tier_a_v0.3.1,TIERA_031,v1,TIERA_031_U06,6,779763ddee064f6500a4b28566deb80f229418fbb0d33c42de7ffcbac8716665,synthetic,Aqlyra internally authored controlled benchmark content,CC0-equivalent internal test content,The broader environment / infrastructure context records a separate weekend period of 09:30-11:30 for routine operations.
controlled_tier_a_v0.3.1,TIERA_032,v1,TIERA_032_U01,1,f2f034f14752b67a257c91efb1b30159763138b3e6ad4c84d5804c4be3165837,synthetic,Aqlyra internally authored controlled benchmark content,CC0-equivalent internal test content,Maple Solar Site operates with a standard units monitored per day of 1784 per.
controlled_tier_a_v0.3.1,TIERA_032,v1,TIERA_032_U02,2,ef2c65fbec826d2be198d2f262a87376ab29348f731462883600786c6f0530f5,synthetic,Aqlyra internally authored controlled benchmark content,CC0-equivalent internal test content,The solar site records a inspection window of 09:00-11:00 for its normal service cycle.
controlled_tier_a_v0.3.1,TIERA_032,v1,TIERA_032_U03,3,e72745f7d4fb837407fb49debe6876a887092cf9edffd13c3b7b092a6944d32a,synthetic,Aqlyra internally authored controlled benchmark content,CC0-equivalent internal test content,"The designated site manager is Service Desk, and the published service detail is tied to the Maple Solar Site unit."
controlled_tier_a_v0.3.1,TIERA_032,v1,TIERA_032_U04,4,180a305a49baa1df5b40f4d97221e9002851449742e183fab6e40cef38f50a59,synthetic,Aqlyra internally authored controlled benchmark content,CC0-equivalent internal test content,A secondary record assigns reserve capacity of 472 to the same Maple Solar Site operation. A separate entry in the same record lists the standard units monitored per day as 1921.
controlled_tier_a_v0.3.1,TIERA_032,v1,TIERA_032_U05,5,f4914333ab2db3ee5f03f8037698c1a1c8b98276dbca64a38835593fd1366edf,synthetic,Aqlyra internally authored controlled benchmark content,CC0-equivalent internal test content,The related reporting window is listed for the maple solar site service during 14:00-16:00.
controlled_tier_a_v0.3.1,TIERA_032,v1,TIERA_032_U06,6,86b6d11e490aa512e40146021f2b2c70a8bef947f28991a787111cd907ba095c,synthetic,Aqlyra internally authored controlled benchmark content,CC0-equivalent internal test content,The broader environment / infrastructure context records a separate weekend period of 10:00-12:00 for routine operations.
controlled_tier_a_v0.3.1,TIERA_033,v1,TIERA_033_U01,1,cedfe6d4b1e1266bf18496fd16d3867be629b2588f3bb4d859e4163cb8281038,synthetic,Aqlyra internally authored controlled benchmark content,CC0-equivalent internal test content,Harbor Recycling Center operates with a standard units monitored per day of 1821 per.
controlled_tier_a_v0.3.1,TIERA_033,v1,TIERA_033_U02,2,120a7f3778e63459be08be3f34822fe0a148c34318b2130dfde10c971362f73a,synthetic,Aqlyra internally authored controlled benchmark content,CC0-equivalent internal test content,The recycling center records a inspection window of 09:30-11:30 for its normal service cycle.
controlled_tier_a_v0.3.1,TIERA_033,v1,TIERA_033_U03,3,deedf608a60e5c7f0f09c5f16348a4e41fc0401732c27b60bde48f99b42cc240,synthetic,Aqlyra internally authored controlled benchmark content,CC0-equivalent internal test content,"The designated site manager is Program Office, and the published service detail is tied to the Harbor Recycling Center unit."
controlled_tier_a_v0.3.1,TIERA_033,v1,TIERA_033_U04,4,da2ea50346a073587af9cc026567eefa0eceb0d6f6f6e1a1d1fde792e865b0c7,synthetic,Aqlyra internally authored controlled benchmark content,CC0-equivalent internal test content,A secondary record assigns reserve capacity of 483 to the same Harbor Recycling Center operation.
controlled_tier_a_v0.3.1,TIERA_033,v1,TIERA_033_U05,5,66de4886658f7dc7b5693753867fa3b801fdb7f6d5d7dacf51ebc26605368704,synthetic,Aqlyra internally authored controlled benchmark content,CC0-equivalent internal test content,The related reporting window is listed for the harbor recycling center service during 15:00-17:00.
controlled_tier_a_v0.3.1,TIERA_033,v1,TIERA_033_U06,6,3f127825a69265018451fa174fb85e6c91da35b542ffcc2cab750a11e84d5944,synthetic,Aqlyra internally authored controlled benchmark content,CC0-equivalent internal test content,The broader environment / infrastructure context records a separate weekend period of 13:00-15:00 for routine operations. Another context entry lists the inspection window as 15:00-17:00.
controlled_tier_a_v0.3.1,TIERA_034,v1,TIERA_034_U01,1,9263f750422d3689a806f6470212e4d7eb3ccf2f8eac0681cbc8e8c11a1eed58,synthetic,Aqlyra internally authored controlled benchmark content,CC0-equivalent internal test content,Northstar Flood Control Site operates with a standard units monitored per day of 1858 per.
controlled_tier_a_v0.3.1,TIERA_034,v1,TIERA_034_U02,2,a8c809794bbda53a954fe6ce825a16e7365a3d9b5387f80f162f61de4eea5707,synthetic,Aqlyra internally authored controlled benchmark content,CC0-equivalent internal test content,The flood control site records a inspection window of 10:00-12:00 for its normal service cycle.
controlled_tier_a_v0.3.1,TIERA_034,v1,TIERA_034_U03,3,c8ea45eb033453c4831ff8396fba7e93a2379bdf213466781aa74a570611caa5,synthetic,Aqlyra internally authored controlled benchmark content,CC0-equivalent internal test content,"The designated site manager is Site Operations, and the published service detail is tied to the Northstar Flood Control Site unit."
controlled_tier_a_v0.3.1,TIERA_034,v1,TIERA_034_U04,4,8044064c69f56b878b00ee569b39919cdb443295f58175a481661a9b335d00e4,synthetic,Aqlyra internally authored controlled benchmark content,CC0-equivalent internal test content,A secondary record assigns reserve capacity of 494 to the same Northstar Flood Control Site operation.
controlled_tier_a_v0.3.1,TIERA_034,v1,TIERA_034_U05,5,ee80e638bf3327b08877c94b1ac27765c57cfb603b087fce33fd0d72dfeabc4f,synthetic,Aqlyra internally authored controlled benchmark content,CC0-equivalent internal test content,The related reporting window is listed for the northstar flood control site service during 16:00-18:00.
controlled_tier_a_v0.3.1,TIERA_034,v1,TIERA_034_U06,6,a774034aa35018529842365ffc85d56c7545073d022a705c5aec82fc55a4e605,synthetic,Aqlyra internally authored controlled benchmark content,CC0-equivalent internal test content,The broader environment / infrastructure context records a separate weekend period of 14:00-16:00 for routine operations. Another context entry lists the inspection window as 15:00-17:00.
controlled_tier_a_v0.3.1,TIERA_035,v1,TIERA_035_U01,1,cbe6b1501e79ee74ba98a51c156801e26dc95ec8394230d41a9d1cb851a13adb,synthetic,Aqlyra internally authored controlled benchmark content,CC0-equivalent internal test content,Juniper Air Monitoring Station operates with a standard units monitored per day of 1895 per.
controlled_tier_a_v0.3.1,TIERA_035,v1,TIERA_035_U02,2,5e30f61c4afb43177cdb2391bfedc2feadd8dc0bf231fb809a43d716b134ede3,synthetic,Aqlyra internally authored controlled benchmark content,CC0-equivalent internal test content,The air monitoring station records a inspection window of 13:00-15:00 for its normal service cycle.
controlled_tier_a_v0.3.1,TIERA_035,v1,TIERA_035_U03,3,697702481aec9c66e387e06dbecd045af8c455d3521aeb5d49ce9ec1a914437b,synthetic,Aqlyra internally authored controlled benchmark content,CC0-equivalent internal test content,"The designated site manager is Customer Operations, and the published service detail is tied to the Juniper Air Monitoring Station unit."
controlled_tier_a_v0.3.1,TIERA_035,v1,TIERA_035_U04,4,6f02370cf39d5c97d186c7dbedbc16388b5c471afb941760d00dde08bec3ae9c,synthetic,Aqlyra internally authored controlled benchmark content,CC0-equivalent internal test content,A secondary record assigns reserve capacity of 505 to the same Juniper Air Monitoring Station operation.
controlled_tier_a_v0.3.1,TIERA_035,v1,TIERA_035_U05,5,e1ef3e7ef4201e32811db1e283af6db9f67f0b75df397de88fa88ba7b0d60a4a,synthetic,Aqlyra internally authored controlled benchmark content,CC0-equivalent internal test content,The related reporting window is listed for the juniper air monitoring station service during 10:00-12:00.
controlled_tier_a_v0.3.1,TIERA_035,v1,TIERA_035_U06,6,16ae1ff977c1bae7a3c72222435b4c1f7c2d88c908faea74f5b7f146ef90191d,synthetic,Aqlyra internally authored controlled benchmark content,CC0-equivalent internal test content,The broader environment / infrastructure context records a separate weekend period of 08:30-10:30 for routine operations. Another context entry lists the inspection window as 15:00-17:00.
controlled_tier_a_v0.3.1,TIERA_036,v1,TIERA_036_U01,1,7c56a4a5de82aa3f63e6f6cdca2636be27e499c464deb93a2b485285e7289ea2,synthetic,Aqlyra internally authored controlled benchmark content,CC0-equivalent internal test content,Riverside District Energy Plant operates with a standard units monitored per day of 1932 per.
controlled_tier_a_v0.3.1,TIERA_036,v1,TIERA_036_U02,2,1119c8bb6762c05240afbef759235930dd7b915f473fb250151c8ac4fbbdba9e,synthetic,Aqlyra internally authored controlled benchmark content,CC0-equivalent internal test content,The district energy plant records a inspection window of 14:00-16:00 for its normal service cycle.
controlled_tier_a_v0.3.1,TIERA_036,v1,TIERA_036_U03,3,6aa9e2f9e2bbd7680bc6d43b6f69a0c3dda76bc59225d643553981c17a76334c,synthetic,Aqlyra internally authored controlled benchmark content,CC0-equivalent internal test content,"The designated site manager is Administrative Services, and the published service detail is tied to the Riverside District Energy Plant unit."
controlled_tier_a_v0.3.1,TIERA_036,v1,TIERA_036_U04,4,566c58b80da008be7bca7b3801603449f8e01b398f81a9bcc0a02c98b4bb5ec4,synthetic,Aqlyra internally authored controlled benchmark content,CC0-equivalent internal test content,A secondary record assigns reserve capacity of 516 to the same Riverside District Energy Plant operation.
controlled_tier_a_v0.3.1,TIERA_036,v1,TIERA_036_U05,5,fe5ceeaa0cb2e9ad3483edf678984cc4645995f83f1337390ee4535c94edd58b,synthetic,Aqlyra internally authored controlled benchmark content,CC0-equivalent internal test content,The related reporting window is listed for the riverside district energy plant service during 11:00-13:00.
controlled_tier_a_v0.3.1,TIERA_036,v1,TIERA_036_U06,6,88998d184a1da34a044d9b8830263aad8554fcc7a7db3fc4813109a681456ac4,synthetic,Aqlyra internally authored controlled benchmark content,CC0-equivalent internal test content,The broader environment / infrastructure context records a separate weekend period of 09:00-11:00 for routine operations. Another context entry lists the inspection window as 15:00-17:00.
controlled_tier_a_v0.3.1,TIERA_037,v1,TIERA_037_U01,1,1e8468995c40b10d0a01fe2de992448c9428e88777df20b9f031db4a67945f93,synthetic,Aqlyra internally authored controlled benchmark content,CC0-equivalent internal test content,Cedar Permit Office operates with a standard applications processed per day of 1969 per.
controlled_tier_a_v0.3.1,TIERA_037,v1,TIERA_037_U02,2,ef9f8cfb7f9b709754c7ed2750c5cd60c94f7a9163f3fad43bef80ae8fb5ada4,synthetic,Aqlyra internally authored controlled benchmark content,CC0-equivalent internal test content,The permit office records a review period of 08:30-10:30 for its normal service cycle.
controlled_tier_a_v0.3.1,TIERA_037,v1,TIERA_037_U03,3,9643c5a85390518c7c3677c2a801ceea228a6e56f6b191abc95bb7b0819870fc,synthetic,Aqlyra internally authored controlled benchmark content,CC0-equivalent internal test content,"The designated service coordinator is Operations Team, and the published service detail is tied to the Cedar Permit Office unit."
controlled_tier_a_v0.3.1,TIERA_037,v1,TIERA_037_U04,4,1428362a308bc1a35a1e9600ea96aad62b120910ddfd786894bc5dbe2628eb0a,synthetic,Aqlyra internally authored controlled benchmark content,CC0-equivalent internal test content,A secondary record assigns reserve processing capacity of 527 to the same Cedar Permit Office operation.
controlled_tier_a_v0.3.1,TIERA_037,v1,TIERA_037_U05,5,240104e0b7be3d652067b064ad773313021a2571a0db86807ddeaffd9e452ebd,synthetic,Aqlyra internally authored controlled benchmark content,CC0-equivalent internal test content,The related public counter window is listed for the cedar permit office service during 13:00-15:00.
controlled_tier_a_v0.3.1,TIERA_037,v1,TIERA_037_U06,6,f20f55b3c4c176200e91c7970bb24d986df6148395684c8c7c8cc3c6e396bb1d,synthetic,Aqlyra internally authored controlled benchmark content,CC0-equivalent internal test content,The broader public policy / administration context records a separate weekend period of 09:30-11:30 for routine operations. Another context entry lists the review period as 15:00-17:00.
controlled_tier_a_v0.3.1,TIERA_038,v1,TIERA_038_U01,1,408072e4f964e63756adcdf6aa215c7e55f1765b399975714501abc80aaa2042,synthetic,Aqlyra internally authored controlled benchmark content,CC0-equivalent internal test content,Maple Civic Service Desk operates with a standard applications processed per day of 2006 per.
controlled_tier_a_v0.3.1,TIERA_038,v1,TIERA_038_U02,2,46505ef955066574fa7265b2ca6bd2fe62ed2f834068f59072a2bb67b5ab53a8,synthetic,Aqlyra internally authored controlled benchmark content,CC0-equivalent internal test content,The civic service desk records a review period of 09:00-11:00 for its normal service cycle.
controlled_tier_a_v0.3.1,TIERA_038,v1,TIERA_038_U03,3,13a0a275fd30d7c0fc6671007347dc41414135f460d67062a14ee388b399c031,synthetic,Aqlyra internally authored controlled benchmark content,CC0-equivalent internal test content,"The designated service coordinator is Service Desk, and the published service detail is tied to the Maple Civic Service Desk unit."
controlled_tier_a_v0.3.1,TIERA_038,v1,TIERA_038_U04,4,0c709d76e696c0c6d53f0db818653bb8a8250403dd73e181e791ae2babf57708,synthetic,Aqlyra internally authored controlled benchmark content,CC0-equivalent internal test content,A secondary record assigns reserve processing capacity of 538 to the same Maple Civic Service Desk operation.
controlled_tier_a_v0.3.1,TIERA_038,v1,TIERA_038_U05,5,9c8b23c3409f16d5d5d8806985b37280840d044ca1e60288645fb6ae36ea00f1,synthetic,Aqlyra internally authored controlled benchmark content,CC0-equivalent internal test content,The related public counter window is listed for the maple civic service desk service during 14:00-16:00.
controlled_tier_a_v0.3.1,TIERA_038,v1,TIERA_038_U06,6,eed44da645185f8317f7595f23c4a6cd4f0b0ebc9192335c6709679867c19ad5,synthetic,Aqlyra internally authored controlled benchmark content,CC0-equivalent internal test content,The broader public policy / administration context records a separate weekend period of 10:00-12:00 for routine operations. Another context entry lists the review period as 15:00-17:00.
controlled_tier_a_v0.3.1,TIERA_039,v1,TIERA_039_U01,1,b5ab6eeadfab11f92de5e84bf381157bf1ced383dcea7a5a8bb682333bb39ce7,synthetic,Aqlyra internally authored controlled benchmark content,CC0-equivalent internal test content,Harbor Grant Program operates with a standard applications processed per day of 2043 per.
controlled_tier_a_v0.3.1,TIERA_039,v1,TIERA_039_U02,2,6213b646fc0c674d51f0948b8907dbda75ab6c21de7bb3144d2530a1d79e8411,synthetic,Aqlyra internally authored controlled benchmark content,CC0-equivalent internal test content,The grant program records a review period of 09:30-11:30 for its normal service cycle.
controlled_tier_a_v0.3.1,TIERA_039,v1,TIERA_039_U03,3,39d7279c8d19cb9a48f405cf3544b6c90de8d723d3546190c9e7b42c6e5229d4,synthetic,Aqlyra internally authored controlled benchmark content,CC0-equivalent internal test content,"The designated service coordinator is Program Office, and the published service detail is tied to the Harbor Grant Program unit."
controlled_tier_a_v0.3.1,TIERA_039,v1,TIERA_039_U04,4,517e915aff5c887bc67d3bb10271759217db03ae447d1cfa287d684d7a7a2b33,synthetic,Aqlyra internally authored controlled benchmark content,CC0-equivalent internal test content,A secondary record assigns reserve processing capacity of 549 to the same Harbor Grant Program operation.
controlled_tier_a_v0.3.1,TIERA_039,v1,TIERA_039_U05,5,96cb4e253f165d3c60fcdac57ecde4df79f1ecdcf92798c5ad15693cc8687c6b,synthetic,Aqlyra internally authored controlled benchmark content,CC0-equivalent internal test content,The related public counter window is listed for the harbor grant program service during 15:00-17:00.
controlled_tier_a_v0.3.1,TIERA_039,v1,TIERA_039_U06,6,f9aae1c47973c3246331b48427bb2b17eb8b09796300c439918f7ad4b59341b6,synthetic,Aqlyra internally authored controlled benchmark content,CC0-equivalent internal test content,The broader public policy / administration context records a separate weekend period of 13:00-15:00 for routine operations. Another context entry lists the review period as 15:00-17:00.
controlled_tier_a_v0.3.1,TIERA_040,v1,TIERA_040_U01,1,161ac48fb2a4a7f7ef790a9e0d97d445a2fd50366347fa9ca2cab63d8fd13ab2,synthetic,Aqlyra internally authored controlled benchmark content,CC0-equivalent internal test content,Northstar Housing Support operates with a standard applications processed per day of 2080 per.
controlled_tier_a_v0.3.1,TIERA_040,v1,TIERA_040_U02,2,ac687968df8e5b7aaf09895b73ee85bd2372d1caf1160aea0c4e9e4549c50154,synthetic,Aqlyra internally authored controlled benchmark content,CC0-equivalent internal test content,The housing support records a review period of 10:00-12:00 for its normal service cycle.
controlled_tier_a_v0.3.1,TIERA_040,v1,TIERA_040_U03,3,e7ef5e5a2bf823674993683b4a797c94e36ae9f001d6a3c9c05dc19d65ffb41b,synthetic,Aqlyra internally authored controlled benchmark content,CC0-equivalent internal test content,"The designated service coordinator is Site Operations, and the published service detail is tied to the Northstar Housing Support unit."
controlled_tier_a_v0.3.1,TIERA_040,v1,TIERA_040_U04,4,cd57b37b9085c5de69f0c5bb9aa9fa31213b5bccea1ed7c62938f9f94799b62d,synthetic,Aqlyra internally authored controlled benchmark content,CC0-equivalent internal test content,A secondary record assigns reserve processing capacity of 560 to the same Northstar Housing Support operation.
controlled_tier_a_v0.3.1,TIERA_040,v1,TIERA_040_U05,5,25a1e6e2864240355436fe03013e416301ae5dbf0426dd7780a33f9ea4bf112d,synthetic,Aqlyra internally authored controlled benchmark content,CC0-equivalent internal test content,The related public counter window is listed for the northstar housing support service during 16:00-18:00.
controlled_tier_a_v0.3.1,TIERA_040,v1,TIERA_040_U06,6,f3d0c2def173b9e16a045545027d11a3c3dafb2890fbfb3f8381ba7b902251d2,synthetic,Aqlyra internally authored controlled benchmark content,CC0-equivalent internal test content,The broader public policy / administration context records a separate weekend period of 14:00-16:00 for routine operations. Another context entry lists the review period as 15:00-17:00.
controlled_tier_a_v0.3.1,TIERA_041,v1,TIERA_041_U01,1,69b2f79f32edbe113cfa2256b0601609a7ce54305801186e6ada6b850afcc405,synthetic,Aqlyra internally authored controlled benchmark content,CC0-equivalent internal test content,Juniper Public Records Unit operates with a standard applications processed per day of 2117 per.
controlled_tier_a_v0.3.1,TIERA_041,v1,TIERA_041_U02,2,aa388ea8e73b867e98eec841d2f92e0b86536a50f76521abe0a14e1e2f14d0fd,synthetic,Aqlyra internally authored controlled benchmark content,CC0-equivalent internal test content,The public records unit records a review period of 13:00-15:00 for its normal service cycle.
controlled_tier_a_v0.3.1,TIERA_041,v1,TIERA_041_U03,3,8c6a257ac60287bb0097011c5f63d0bfd6ecbf08b8d2ac16d84143855b90e618,synthetic,Aqlyra internally authored controlled benchmark content,CC0-equivalent internal test content,"The designated service coordinator is Customer Operations, and the published service detail is tied to the Juniper Public Records Unit unit."
controlled_tier_a_v0.3.1,TIERA_041,v1,TIERA_041_U04,4,443de2236555eb93d1801ba94c26f0ba2a600d162a19ad57e6d8b91d857a8271,synthetic,Aqlyra internally authored controlled benchmark content,CC0-equivalent internal test content,A secondary record assigns reserve processing capacity of 571 to the same Juniper Public Records Unit operation.
controlled_tier_a_v0.3.1,TIERA_041,v1,TIERA_041_U05,5,9aea1425f6a39d9ccefb31a0173d804d86fde4f460dd255635758b4cafccca26,synthetic,Aqlyra internally authored controlled benchmark content,CC0-equivalent internal test content,The related public counter window is listed for the juniper public records unit service during 10:00-12:00. A separate service notice lists the review period as 18:00-20:00.
controlled_tier_a_v0.3.1,TIERA_041,v1,TIERA_041_U06,6,00f992f73eb41c3cca9cc7a16af494af2199bc4b8ff6067aada9761d99abe3d5,synthetic,Aqlyra internally authored controlled benchmark content,CC0-equivalent internal test content,The broader public policy / administration context records a separate weekend period of 08:30-10:30 for routine operations.
controlled_tier_a_v0.3.1,TIERA_042,v1,TIERA_042_U01,1,6c52fe0ca7ad1a6463dd74b6384dd10bea9072780e421ef48ca12a1ed340d071,synthetic,Aqlyra internally authored controlled benchmark content,CC0-equivalent internal test content,Riverside Community Advisory Board operates with a standard applications processed per day of 2154 per.
controlled_tier_a_v0.3.1,TIERA_042,v1,TIERA_042_U02,2,3e2b5f2d912a4cdb7ec0bc680797ac0a73ddc6c75aa88b5b4ad9b1146cab5acd,synthetic,Aqlyra internally authored controlled benchmark content,CC0-equivalent internal test content,The community advisory board records a review period of 14:00-16:00 for its normal service cycle.
controlled_tier_a_v0.3.1,TIERA_042,v1,TIERA_042_U03,3,6aac70c803e59fa1c10805946bc3c24a8976df095bae4337f3f3a6ec9c475bff,synthetic,Aqlyra internally authored controlled benchmark content,CC0-equivalent internal test content,"The designated service coordinator is Administrative Services, and the published service detail is tied to the Riverside Community Advisory Board unit."
controlled_tier_a_v0.3.1,TIERA_042,v1,TIERA_042_U04,4,8ad51ccd33f2185c73e25855702901fde4b67827beadc62750bba4e9a86f8c68,synthetic,Aqlyra internally authored controlled benchmark content,CC0-equivalent internal test content,A secondary record assigns reserve processing capacity of 582 to the same Riverside Community Advisory Board operation.
controlled_tier_a_v0.3.1,TIERA_042,v1,TIERA_042_U05,5,342a6c29414a8833173bc4504319eefbb919a8ea33c8b30a781c99e088985e57,synthetic,Aqlyra internally authored controlled benchmark content,CC0-equivalent internal test content,The related public counter window is listed for the riverside community advisory board service during 11:00-13:00. A separate service notice lists the review period as 18:00-20:00.
controlled_tier_a_v0.3.1,TIERA_042,v1,TIERA_042_U06,6,8730afffbc1943125e5b7b6f8f50334bca847f5a52fad1d8dafa95e765beb6ff,synthetic,Aqlyra internally authored controlled benchmark content,CC0-equivalent internal test content,The broader public policy / administration context records a separate weekend period of 09:00-11:00 for routine operations.
controlled_tier_a_v0.3.1,TIERA_043,v1,TIERA_043_U01,1,25aeb7f215f0a1c1e5c42cc393bcfd6ba3bc4fa5bfd19750437c739176a22eda,synthetic,Aqlyra internally authored controlled benchmark content,CC0-equivalent internal test content,Cedar Retail Service operates with a standard orders handled per day of 2191 per.
controlled_tier_a_v0.3.1,TIERA_043,v1,TIERA_043_U02,2,b9c88051d24e0e1efd16c447f92a0d56a5d26e57280d18e7e6a3f98bc23f8c65,synthetic,Aqlyra internally authored controlled benchmark content,CC0-equivalent internal test content,The retail service records a service window of 08:30-10:30 for its normal service cycle.
controlled_tier_a_v0.3.1,TIERA_043,v1,TIERA_043_U03,3,a45e32a3adccedfd2bb0a9c2625932262a377ce003d8a6c2d66b6a812811459c,synthetic,Aqlyra internally authored controlled benchmark content,CC0-equivalent internal test content,"The designated operations contact is Operations Team, and the published service detail is tied to the Cedar Retail Service unit."
controlled_tier_a_v0.3.1,TIERA_043,v1,TIERA_043_U04,4,5e510822073e2702129fd1ab1725ed7a39e1f975a664936c8f4fb00a2aedee57,synthetic,Aqlyra internally authored controlled benchmark content,CC0-equivalent internal test content,A secondary record assigns same-day reserve capacity of 593 to the same Cedar Retail Service operation.
controlled_tier_a_v0.3.1,TIERA_043,v1,TIERA_043_U05,5,a6abe30f2725906043c87a55458e01804d33878f19248fea0f4f498020a0c56a,synthetic,Aqlyra internally authored controlled benchmark content,CC0-equivalent internal test content,The related support window is listed for the cedar retail service service during 13:00-15:00. A separate service notice lists the service window as 18:00-20:00.
controlled_tier_a_v0.3.1,TIERA_043,v1,TIERA_043_U06,6,d263b01a630d4d7bf50dbb5d9c145fb8804382bd6f0aba1f0adabf8a90ee3326,synthetic,Aqlyra internally authored controlled benchmark content,CC0-equivalent internal test content,The broader consumer / operational information context records a separate weekend period of 09:30-11:30 for routine operations.
controlled_tier_a_v0.3.1,TIERA_044,v1,TIERA_044_U01,1,d005732f3bec5a51d84605304a7c0275dd4b7a27289d002f9f1f050c4e64c79f,synthetic,Aqlyra internally authored controlled benchmark content,CC0-equivalent internal test content,Maple Home Maintenance operates with a standard orders handled per day of 2228 per.
controlled_tier_a_v0.3.1,TIERA_044,v1,TIERA_044_U02,2,cf3d68f3fb458110cae4144ca1abd127b9223e4c5819e7820ed9d88f1a180142,synthetic,Aqlyra internally authored controlled benchmark content,CC0-equivalent internal test content,The home maintenance records a service window of 09:00-11:00 for its normal service cycle.
controlled_tier_a_v0.3.1,TIERA_044,v1,TIERA_044_U03,3,21a4c4ba4de0b2d0e834ac9275d1b17540f7a9aec5c2eac1464d81450230fecf,synthetic,Aqlyra internally authored controlled benchmark content,CC0-equivalent internal test content,"The designated operations contact is Service Desk, and the published service detail is tied to the Maple Home Maintenance unit."
controlled_tier_a_v0.3.1,TIERA_044,v1,TIERA_044_U04,4,d1793fc338a3f0ba6a0d7ba23987f55c2095e17078fc9012c243e7d1935fc6a7,synthetic,Aqlyra internally authored controlled benchmark content,CC0-equivalent internal test content,A secondary record assigns same-day reserve capacity of 604 to the same Maple Home Maintenance operation.
controlled_tier_a_v0.3.1,TIERA_044,v1,TIERA_044_U05,5,65e568c08d5bfe286bc47fb277279403ae212fd71b3cd5f69dca70a19be18829,synthetic,Aqlyra internally authored controlled benchmark content,CC0-equivalent internal test content,The related support window is listed for the maple home maintenance service during 14:00-16:00. A separate service notice lists the service window as 18:00-20:00.
controlled_tier_a_v0.3.1,TIERA_044,v1,TIERA_044_U06,6,0bb744e9478897d65f7478cf2f25b5013c80b348bf731649478dbc2d11dda407,synthetic,Aqlyra internally authored controlled benchmark content,CC0-equivalent internal test content,The broader consumer / operational information context records a separate weekend period of 10:00-12:00 for routine operations.
controlled_tier_a_v0.3.1,TIERA_045,v1,TIERA_045_U01,1,e4c9d2d8503b674afddef7660e26b7e2799ee390d061b0578f5993dd55380709,synthetic,Aqlyra internally authored controlled benchmark content,CC0-equivalent internal test content,Harbor Travel Pass operates with a standard orders handled per day of 2265 per.
controlled_tier_a_v0.3.1,TIERA_045,v1,TIERA_045_U02,2,bb8eb9f2491b527ec7b9ba4cd2494b25988e6344684156489f2fd54313150acf,synthetic,Aqlyra internally authored controlled benchmark content,CC0-equivalent internal test content,The travel pass records a service window of 09:30-11:30 for its normal service cycle.
controlled_tier_a_v0.3.1,TIERA_045,v1,TIERA_045_U03,3,9c304dd181152c2d04995a5ef9c19c3c57e219d1878a84d21fd5c6b15810768c,synthetic,Aqlyra internally authored controlled benchmark content,CC0-equivalent internal test content,"The designated operations contact is Program Office, and the published service detail is tied to the Harbor Travel Pass unit."
controlled_tier_a_v0.3.1,TIERA_045,v1,TIERA_045_U04,4,5ef1a6ac6341208f6e8e6555c4237305d62942e52c09c42408f525a4eedc85d8,synthetic,Aqlyra internally authored controlled benchmark content,CC0-equivalent internal test content,A secondary record assigns same-day reserve capacity of 615 to the same Harbor Travel Pass operation.
controlled_tier_a_v0.3.1,TIERA_045,v1,TIERA_045_U05,5,390dc48a1dd190b476110ed82a8a6a6deaa0b6c0804ff700d61bbef87212d433,synthetic,Aqlyra internally authored controlled benchmark content,CC0-equivalent internal test content,The related support window is listed for the harbor travel pass service during 15:00-17:00. A separate service notice lists the service window as 18:00-20:00.
controlled_tier_a_v0.3.1,TIERA_045,v1,TIERA_045_U06,6,826feac9942f979d332a86a4c7d43197af8ca695a8aa6200e64fb47fb3a4444d,synthetic,Aqlyra internally authored controlled benchmark content,CC0-equivalent internal test content,The broader consumer / operational information context records a separate weekend period of 13:00-15:00 for routine operations.
controlled_tier_a_v0.3.1,TIERA_046,v1,TIERA_046_U01,1,a31ee8b21c518cb52be4b6aecd90bb047acc75991fe34c733e18780e23e260d9,synthetic,Aqlyra internally authored controlled benchmark content,CC0-equivalent internal test content,Northstar Event Venue operates with a standard orders handled per day of 2302 per.
controlled_tier_a_v0.3.1,TIERA_046,v1,TIERA_046_U02,2,8e89b6bed873073271ccb54d3a767877c7d4010739203387a6aae90ac46efd61,synthetic,Aqlyra internally authored controlled benchmark content,CC0-equivalent internal test content,The event venue records a service window of 10:00-12:00 for its normal service cycle.
controlled_tier_a_v0.3.1,TIERA_046,v1,TIERA_046_U03,3,7231d491547ca62d6297acbe5a808ddf9394ea59c78afca8e224d14224956fe1,synthetic,Aqlyra internally authored controlled benchmark content,CC0-equivalent internal test content,"The designated operations contact is Site Operations, and the published service detail is tied to the Northstar Event Venue unit."
controlled_tier_a_v0.3.1,TIERA_046,v1,TIERA_046_U04,4,68b387c3bbc686abe7aba3e33bf4189971aac3d7e78af52324aaa2701626345f,synthetic,Aqlyra internally authored controlled benchmark content,CC0-equivalent internal test content,A secondary record assigns same-day reserve capacity of 626 to the same Northstar Event Venue operation.
controlled_tier_a_v0.3.1,TIERA_046,v1,TIERA_046_U05,5,5125c1b180e9c5efd22d26f1cc4e298833625e51786dc8072fbc4ee1fadc89ce,synthetic,Aqlyra internally authored controlled benchmark content,CC0-equivalent internal test content,The related support window is listed for the northstar event venue service during 16:00-18:00. A separate service notice lists the service window as 18:00-20:00.
controlled_tier_a_v0.3.1,TIERA_046,v1,TIERA_046_U06,6,928b4984b83f9d10f70fd5e6dfc24fa0cfc0ded99065e71f5c76d8e0fd7218b6,synthetic,Aqlyra internally authored controlled benchmark content,CC0-equivalent internal test content,The broader consumer / operational information context records a separate weekend period of 14:00-16:00 for routine operations.
controlled_tier_a_v0.3.1,TIERA_047,v1,TIERA_047_U01,1,d14314274650cc71c23e6b41c186f473b73b53740ac84cf9e302e1118f5c957f,synthetic,Aqlyra internally authored controlled benchmark content,CC0-equivalent internal test content,Juniper Delivery Subscription operates with a standard orders handled per day of 2339 per.
controlled_tier_a_v0.3.1,TIERA_047,v1,TIERA_047_U02,2,2407a7560f53f6ea2e867805eeca52abc2d0d08da86fc7553a44216924636693,synthetic,Aqlyra internally authored controlled benchmark content,CC0-equivalent internal test content,The delivery subscription records a service window of 13:00-15:00 for its normal service cycle.
controlled_tier_a_v0.3.1,TIERA_047,v1,TIERA_047_U03,3,19def77f83093f4fa9fdb6d2203b055a83bde41f1168cd5ec56e35ab1e2325fa,synthetic,Aqlyra internally authored controlled benchmark content,CC0-equivalent internal test content,"The designated operations contact is Customer Operations, and the published service detail is tied to the Juniper Delivery Subscription unit."
controlled_tier_a_v0.3.1,TIERA_047,v1,TIERA_047_U04,4,ba7435d0e5cec5eb8512fa0592dd8ed9bf6213f6d4ba70b8b4d1530034d09c80,synthetic,Aqlyra internally authored controlled benchmark content,CC0-equivalent internal test content,A secondary record assigns same-day reserve capacity of 637 to the same Juniper Delivery Subscription operation.
controlled_tier_a_v0.3.1,TIERA_047,v1,TIERA_047_U05,5,a399a0e5891ca669586a85e68945c7587230dd18a378d78eaefc814e90320d94,synthetic,Aqlyra internally authored controlled benchmark content,CC0-equivalent internal test content,The related support window is listed for the juniper delivery subscription service during 10:00-12:00. A separate service notice lists the service window as 18:00-20:00.
controlled_tier_a_v0.3.1,TIERA_047,v1,TIERA_047_U06,6,0e56c839dc484dc80af0c9cb5d34e5dedb262ba5a477db1187a1417441289a0e,synthetic,Aqlyra internally authored controlled benchmark content,CC0-equivalent internal test content,The broader consumer / operational information context records a separate weekend period of 08:30-10:30 for routine operations.
controlled_tier_a_v0.3.1,TIERA_048,v1,TIERA_048_U01,1,c2c5c82b634f81e16565931f4e3a9d175f0a8b0ea49c974b951300726b0f4f73,synthetic,Aqlyra internally authored controlled benchmark content,CC0-equivalent internal test content,Riverside Meal Service operates with a standard orders handled per day of 2376 per.
controlled_tier_a_v0.3.1,TIERA_048,v1,TIERA_048_U02,2,ae0305769700a3008baffee9dce363c7975683c10e2abd482c7d0d8decefa81f,synthetic,Aqlyra internally authored controlled benchmark content,CC0-equivalent internal test content,The meal service records a service window of 14:00-16:00 for its normal service cycle.
controlled_tier_a_v0.3.1,TIERA_048,v1,TIERA_048_U03,3,c59c06d22da2e21e51b2712874398142611d0d5c8f37f15e8c462a97936d2f56,synthetic,Aqlyra internally authored controlled benchmark content,CC0-equivalent internal test content,"The designated operations contact is Administrative Services, and the published service detail is tied to the Riverside Meal Service unit."
controlled_tier_a_v0.3.1,TIERA_048,v1,TIERA_048_U04,4,0b98562cf87f8c72b95ebbbf1877e0727d1aa11eecb9484a4dfe74bb5f360ec2,synthetic,Aqlyra internally authored controlled benchmark content,CC0-equivalent internal test content,A secondary record assigns same-day reserve capacity of 648 to the same Riverside Meal Service operation.
controlled_tier_a_v0.3.1,TIERA_048,v1,TIERA_048_U05,5,919313e4cfd7a8bffa744780a71e251970fadafc60b0958a8b17d840da6ebac2,synthetic,Aqlyra internally authored controlled benchmark content,CC0-equivalent internal test content,The related support window is listed for the riverside meal service service during 11:00-13:00. A separate service notice lists the service window as 18:00-20:00.
controlled_tier_a_v0.3.1,TIERA_048,v1,TIERA_048_U06,6,9f00edb427bbc79d5e6d56e4942ad6726c51c1d085b54495b3df9728753ae119,synthetic,Aqlyra internally authored controlled benchmark content,CC0-equivalent internal test content,The broader consumer / operational information context records a separate weekend period of 09:00-11:00 for routine operations.
