condition,coverage,system,embedding_state,lexical_state,authorization_state,purpose
R0,all,lexical_only,no_dense_required,complete,identical_oracle_scope,baseline_sparse_recall
R1,1.00,dense_only,complete,complete,identical_oracle_scope,oracle_dense_baseline
R1,0.90,dense_only,10_percent_masked,complete,identical_oracle_scope,coverage_sensitivity
R1,0.75,dense_only,25_percent_masked,complete,identical_oracle_scope,coverage_sensitivity
R1,0.50,dense_only,50_percent_masked,complete,identical_oracle_scope,coverage_sensitivity
R1,0.25,dense_only,75_percent_masked,complete,identical_oracle_scope,coverage_sensitivity
R1,0.10,dense_only,90_percent_masked,complete,identical_oracle_scope,coverage_sensitivity
R1,0.00,dense_only,all_masked,complete,identical_oracle_scope,coverage_floor
R2,1.00,current_hybrid,complete,complete,identical_oracle_scope,oracle_current_hybrid
R2,0.90,current_hybrid,10_percent_masked,complete,identical_oracle_scope,current_system_degradation
R2,0.75,current_hybrid,25_percent_masked,complete,identical_oracle_scope,current_system_degradation
R2,0.50,current_hybrid,50_percent_masked,complete,identical_oracle_scope,current_system_degradation
R2,0.25,current_hybrid,75_percent_masked,complete,identical_oracle_scope,current_system_degradation
R2,0.10,current_hybrid,90_percent_masked,complete,identical_oracle_scope,current_system_degradation
R2,0.00,current_hybrid,all_masked,complete,identical_oracle_scope,current_system_floor
R3,0.90,union_rrf,10_percent_masked,complete,identical_oracle_scope,coverage_aware_fusion
R3,0.75,union_rrf,25_percent_masked,complete,identical_oracle_scope,coverage_aware_fusion
R3,0.50,union_rrf,50_percent_masked,complete,identical_oracle_scope,coverage_aware_fusion
R3,0.25,union_rrf,75_percent_masked,complete,identical_oracle_scope,coverage_aware_fusion
R3,0.10,union_rrf,90_percent_masked,complete,identical_oracle_scope,coverage_aware_fusion
R3,0.00,union_rrf,all_masked,complete,identical_oracle_scope,coverage_floor
R4,1.00,oracle_hybrid,complete,complete,identical_oracle_scope,reference_ceiling
