id,title,year,venue,theme,relevance,what_it_studies,known_overlap_or_gap,source
L29,"ACORN: Performant and Predicate-Agnostic Search Over Vector Embeddings and Structured Data",2024,"Proceedings of the ACM on Management of Data / SIGMOD","filtered vector search","DIRECT to v0.5 retrieval factors","Predicate-constrained vector search, hybrid vector+structured queries, recall/throughput trade-offs","Covers predicate-aware search and structured filtering but not RAG authorization failure attribution","https://doi.org/10.1145/3654923"
L30,"Filtered Vector Search: State-of-the-Art and Research Opportunities",2025,"Google Research","filtered vector search","DIRECT to v0.5 factors","Pre-filtering, post-filtering, inline filtering, selectivity, cardinality and correlation","Makes selectivity/correlation established research variables","https://research.google/pubs/filtered-vector-search-state-of-the-art-and-research-opportunities/"
L31,"RACORN-1: Adaptive Recall-Preserving Speedup for Low-Selectivity Filtered Vector Search",2026,"arXiv","adaptive filtered vector search","DIRECT to v0.5 adaptive component","Adaptive filtered vector search under low selectivity and negative query-filter correlation","Covers adaptive retrieval strategy and correlation/selectivity but not downstream authorization-aware RAG diagnosis","https://arxiv.org/abs/2607.00768"
L32,"Enterprise Search Portals: Hybrid RAG at Scale for Compliance-Sensitive Knowledge Work",2026,"Zenodo preprint","permission-aware hybrid RAG","SUBSTANTIAL to v0.5","ACL before reranking/generation, BM25+dense retrieval, RRF, citations and evaluation","Combines the main architectural factors proposed in v0.5","https://zenodo.org/records/20481526"
L33,"Legal RAG Bench: an end-to-end benchmark for legal RAG",2026,"arXiv","RAG error decomposition","SUBSTANTIAL to v0.6","Hierarchical decomposition of retrieval and reasoning contributions","Establishes intervention/decomposition framing for RAG failure attribution","https://arxiv.org/abs/2603.01710"
L34,"When Failures Propagate: Causal Failure Attribution in Agentic Retrieval-Augmented Generation",2026,"arXiv","causal RAG failure attribution","SUBSTANTIAL to v0.6","Certified fault injection and causal attribution of the injected failure stage","Establishes controlled causal intervention for RAG failure attribution","https://arxiv.org/abs/2608.20627"
L35,"On The Reproducibility Limitations of RAG Systems",2025,"arXiv","RAG reproducibility","DIRECT to embedding-provenance factor","ReproRAG evaluates embedding-model choice, precision, retrieval algorithms, hardware, and distributed execution as sources of RAG reproducibility variation","Does not establish the specific authorization × embedding-heterogeneity interaction proposed here","https://arxiv.org/abs/2509.18869"
L36,"Does Your Agent's Memory Survive a Model Upgrade? A Controlled Study of Memory Portability",2026,"arXiv","memory migration / mixed embeddings","SUBSTANTIAL to embedding heterogeneity","Controlled study of memory migration, including 50/50 mixed embedding indexes and downstream retrieval/answer effects","Shows partial embedding migration effects but does not directly study authorization-conditioned RAG evaluation","https://arxiv.org/abs/2609.05339"
L37,"Permission-Aware RAG: Identity and Access Management (IAM)-Based Access Filtering in Multi-Resource Environments",2025,"IEEE Access","permission-aware RAG","SUBSTANTIAL to authorization factor","Measures permission filtering, answer quality under access levels, and latency under retrieval load","Does not identify embedding-index heterogeneity as an experimental confound","https://doi.org/10.1109/ACCESS.2025.3628960"
L38,"Partial Evidence Bench: Benchmarking Authorization-Limited Evidence in Agentic Systems",2026,"arXiv","authorization-limited evidence","SUBSTANTIAL to authorization factor","Controlled authorization-limited evidence, completeness, gap reporting, unsafe completeness","Does not appear to vary embedding-index provenance as a factorial variable","https://arxiv.org/abs/2605.05379"
