seed,coverage,query_term,target_covered,lexical_hit,dense_hit,current_hybrid_hit,union_rrf_hit,unauthorized_lexical,unauthorized_dense,unauthorized_current_hybrid,unauthorized_union_rrf
0,1.0,coverageq101,True,1,1,1,1,0,0,0,0
0,1.0,coverageq202,True,1,1,1,1,0,0,0,0
0,1.0,coverageq303,True,1,1,1,1,0,0,0,0
0,1.0,coverageq404,True,1,1,1,1,0,0,0,0
0,1.0,coverageq505,True,1,1,1,1,0,0,0,0
0,1.0,coverageq606,True,1,1,1,1,0,0,0,0
0,1.0,coverageq707,True,1,1,1,1,0,0,0,0
0,1.0,coverageq808,True,1,1,1,1,0,0,0,0
0,0.9,coverageq101,True,1,1,1,1,0,0,0,0
0,0.9,coverageq202,True,1,1,1,1,0,0,0,0
0,0.9,coverageq303,True,1,1,1,1,0,0,0,0
0,0.9,coverageq404,True,1,1,1,1,0,0,0,0
0,0.9,coverageq505,True,1,1,1,1,0,0,0,0
0,0.9,coverageq606,True,1,1,1,1,0,0,0,0
0,0.9,coverageq707,False,1,0,0,1,0,0,0,0
0,0.9,coverageq808,True,1,1,1,1,0,0,0,0
0,0.75,coverageq101,True,1,1,1,1,0,0,0,0
0,0.75,coverageq202,True,1,1,1,1,0,0,0,0
0,0.75,coverageq303,True,1,1,1,1,0,0,0,0
0,0.75,coverageq404,True,1,1,1,1,0,0,0,0
0,0.75,coverageq505,True,1,1,1,1,0,0,0,0
0,0.75,coverageq606,False,1,0,0,1,0,0,0,0
0,0.75,coverageq707,False,1,0,0,1,0,0,0,0
0,0.75,coverageq808,True,1,1,1,1,0,0,0,0
0,0.5,coverageq101,True,1,1,1,1,0,0,0,0
0,0.5,coverageq202,False,1,0,0,1,0,0,0,0
0,0.5,coverageq303,True,1,1,1,1,0,0,0,0
0,0.5,coverageq404,False,1,0,0,1,0,0,0,0
0,0.5,coverageq505,False,1,0,0,1,0,0,0,0
0,0.5,coverageq606,True,1,1,1,1,0,0,0,0
0,0.5,coverageq707,False,1,0,0,1,0,0,0,0
0,0.5,coverageq808,True,1,1,1,1,0,0,0,0
0,0.25,coverageq101,False,1,0,0,1,0,0,0,0
0,0.25,coverageq202,False,1,0,0,1,0,0,0,0
0,0.25,coverageq303,False,1,0,0,1,0,0,0,0
0,0.25,coverageq404,True,1,1,1,1,0,0,0,0
0,0.25,coverageq505,False,1,0,0,1,0,0,0,0
0,0.25,coverageq606,True,1,1,1,1,0,0,0,0
0,0.25,coverageq707,False,1,0,0,1,0,0,0,0
0,0.25,coverageq808,False,1,0,0,1,0,0,0,0
0,0.1,coverageq101,False,1,0,0,1,0,0,0,0
0,0.1,coverageq202,True,1,1,1,1,0,0,0,0
0,0.1,coverageq303,False,1,0,0,1,0,0,0,0
0,0.1,coverageq404,False,1,0,0,1,0,0,0,0
0,0.1,coverageq505,False,1,0,0,1,0,0,0,0
0,0.1,coverageq606,False,1,0,0,1,0,0,0,0
0,0.1,coverageq707,False,1,0,0,1,0,0,0,0
0,0.1,coverageq808,False,1,0,0,1,0,0,0,0
0,0.0,coverageq101,False,1,0,0,1,0,0,0,0
0,0.0,coverageq202,False,1,0,0,1,0,0,0,0
0,0.0,coverageq303,False,1,0,0,1,0,0,0,0
0,0.0,coverageq404,False,1,0,0,1,0,0,0,0
0,0.0,coverageq505,False,1,0,0,1,0,0,0,0
0,0.0,coverageq606,False,1,0,0,1,0,0,0,0
0,0.0,coverageq707,False,1,0,0,1,0,0,0,0
0,0.0,coverageq808,False,1,0,0,1,0,0,0,0
1,1.0,coverageq101,True,1,1,1,1,0,0,0,0
1,1.0,coverageq202,True,1,1,1,1,0,0,0,0
1,1.0,coverageq303,True,1,1,1,1,0,0,0,0
1,1.0,coverageq404,True,1,1,1,1,0,0,0,0
1,1.0,coverageq505,True,1,1,1,1,0,0,0,0
1,1.0,coverageq606,True,1,1,1,1,0,0,0,0
1,1.0,coverageq707,True,1,1,1,1,0,0,0,0
1,1.0,coverageq808,True,1,1,1,1,0,0,0,0
1,0.9,coverageq101,True,1,1,1,1,0,0,0,0
1,0.9,coverageq202,True,1,1,1,1,0,0,0,0
1,0.9,coverageq303,False,1,0,0,1,0,0,0,0
1,0.9,coverageq404,True,1,1,1,1,0,0,0,0
1,0.9,coverageq505,True,1,1,1,1,0,0,0,0
1,0.9,coverageq606,True,1,1,1,1,0,0,0,0
1,0.9,coverageq707,True,1,1,1,1,0,0,0,0
1,0.9,coverageq808,True,1,1,1,1,0,0,0,0
1,0.75,coverageq101,True,1,1,1,1,0,0,0,0
1,0.75,coverageq202,False,1,0,0,1,0,0,0,0
1,0.75,coverageq303,True,1,1,1,1,0,0,0,0
1,0.75,coverageq404,True,1,1,1,1,0,0,0,0
1,0.75,coverageq505,True,1,1,1,1,0,0,0,0
1,0.75,coverageq606,False,1,0,0,1,0,0,0,0
1,0.75,coverageq707,True,1,1,1,1,0,0,0,0
1,0.75,coverageq808,True,1,1,1,1,0,0,0,0
1,0.5,coverageq101,True,1,1,1,1,0,0,0,0
1,0.5,coverageq202,False,1,0,0,1,0,0,0,0
1,0.5,coverageq303,True,1,1,1,1,0,0,0,0
1,0.5,coverageq404,True,1,1,1,1,0,0,0,0
1,0.5,coverageq505,True,1,1,1,1,0,0,0,0
1,0.5,coverageq606,False,1,0,0,1,0,0,0,0
1,0.5,coverageq707,False,1,0,0,1,0,0,0,0
1,0.5,coverageq808,False,1,0,0,1,0,0,0,0
1,0.25,coverageq101,True,1,1,1,1,0,0,0,0
1,0.25,coverageq202,False,1,0,0,1,0,0,0,0
1,0.25,coverageq303,False,1,0,0,1,0,0,0,0
1,0.25,coverageq404,False,1,0,0,1,0,0,0,0
1,0.25,coverageq505,False,1,0,0,1,0,0,0,0
1,0.25,coverageq606,False,1,0,0,1,0,0,0,0
1,0.25,coverageq707,False,1,0,0,1,0,0,0,0
1,0.25,coverageq808,True,1,1,1,1,0,0,0,0
1,0.1,coverageq101,True,1,1,1,1,0,0,0,0
1,0.1,coverageq202,False,1,0,0,1,0,0,0,0
1,0.1,coverageq303,False,1,0,0,1,0,0,0,0
1,0.1,coverageq404,False,1,0,0,1,0,0,0,0
1,0.1,coverageq505,False,1,0,0,1,0,0,0,0
1,0.1,coverageq606,False,1,0,0,1,0,0,0,0
1,0.1,coverageq707,False,1,0,0,1,0,0,0,0
1,0.1,coverageq808,False,1,0,0,1,0,0,0,0
1,0.0,coverageq101,False,1,0,0,1,0,0,0,0
1,0.0,coverageq202,False,1,0,0,1,0,0,0,0
1,0.0,coverageq303,False,1,0,0,1,0,0,0,0
1,0.0,coverageq404,False,1,0,0,1,0,0,0,0
1,0.0,coverageq505,False,1,0,0,1,0,0,0,0
1,0.0,coverageq606,False,1,0,0,1,0,0,0,0
1,0.0,coverageq707,False,1,0,0,1,0,0,0,0
1,0.0,coverageq808,False,1,0,0,1,0,0,0,0
2,1.0,coverageq101,True,1,1,1,1,0,0,0,0
2,1.0,coverageq202,True,1,1,1,1,0,0,0,0
2,1.0,coverageq303,True,1,1,1,1,0,0,0,0
2,1.0,coverageq404,True,1,1,1,1,0,0,0,0
2,1.0,coverageq505,True,1,1,1,1,0,0,0,0
2,1.0,coverageq606,True,1,1,1,1,0,0,0,0
2,1.0,coverageq707,True,1,1,1,1,0,0,0,0
2,1.0,coverageq808,True,1,1,1,1,0,0,0,0
2,0.9,coverageq101,True,1,1,1,1,0,0,0,0
2,0.9,coverageq202,True,1,1,1,1,0,0,0,0
2,0.9,coverageq303,True,1,1,1,1,0,0,0,0
2,0.9,coverageq404,True,1,1,1,1,0,0,0,0
2,0.9,coverageq505,True,1,1,1,1,0,0,0,0
2,0.9,coverageq606,False,1,0,0,1,0,0,0,0
2,0.9,coverageq707,True,1,1,1,1,0,0,0,0
2,0.9,coverageq808,True,1,1,1,1,0,0,0,0
2,0.75,coverageq101,True,1,1,1,1,0,0,0,0
2,0.75,coverageq202,False,1,0,0,1,0,0,0,0
2,0.75,coverageq303,True,1,1,1,1,0,0,0,0
2,0.75,coverageq404,True,1,1,1,1,0,0,0,0
2,0.75,coverageq505,True,1,1,1,1,0,0,0,0
2,0.75,coverageq606,True,1,1,1,1,0,0,0,0
2,0.75,coverageq707,True,1,1,1,1,0,0,0,0
2,0.75,coverageq808,False,1,0,0,1,0,0,0,0
2,0.5,coverageq101,True,1,1,1,1,0,0,0,0
2,0.5,coverageq202,False,1,0,0,1,0,0,0,0
2,0.5,coverageq303,True,1,1,1,1,0,0,0,0
2,0.5,coverageq404,True,1,1,1,1,0,0,0,0
2,0.5,coverageq505,False,1,0,0,1,0,0,0,0
2,0.5,coverageq606,False,1,0,0,1,0,0,0,0
2,0.5,coverageq707,True,1,1,1,1,0,0,0,0
2,0.5,coverageq808,False,1,0,0,1,0,0,0,0
2,0.25,coverageq101,False,1,0,0,1,0,0,0,0
2,0.25,coverageq202,False,1,0,0,1,0,0,0,0
2,0.25,coverageq303,False,1,0,0,1,0,0,0,0
2,0.25,coverageq404,True,1,1,1,1,0,0,0,0
2,0.25,coverageq505,False,1,0,0,1,0,0,0,0
2,0.25,coverageq606,False,1,0,0,1,0,0,0,0
2,0.25,coverageq707,True,1,1,1,1,0,0,0,0
2,0.25,coverageq808,False,1,0,0,1,0,0,0,0
2,0.1,coverageq101,False,1,0,0,1,0,0,0,0
2,0.1,coverageq202,False,1,0,0,1,0,0,0,0
2,0.1,coverageq303,True,1,1,1,1,0,0,0,0
2,0.1,coverageq404,False,1,0,0,1,0,0,0,0
2,0.1,coverageq505,False,1,0,0,1,0,0,0,0
2,0.1,coverageq606,False,1,0,0,1,0,0,0,0
2,0.1,coverageq707,False,1,0,0,1,0,0,0,0
2,0.1,coverageq808,False,1,0,0,1,0,0,0,0
2,0.0,coverageq101,False,1,0,0,1,0,0,0,0
2,0.0,coverageq202,False,1,0,0,1,0,0,0,0
2,0.0,coverageq303,False,1,0,0,1,0,0,0,0
2,0.0,coverageq404,False,1,0,0,1,0,0,0,0
2,0.0,coverageq505,False,1,0,0,1,0,0,0,0
2,0.0,coverageq606,False,1,0,0,1,0,0,0,0
2,0.0,coverageq707,False,1,0,0,1,0,0,0,0
2,0.0,coverageq808,False,1,0,0,1,0,0,0,0
3,1.0,coverageq101,True,1,1,1,1,0,0,0,0
3,1.0,coverageq202,True,1,1,1,1,0,0,0,0
3,1.0,coverageq303,True,1,1,1,1,0,0,0,0
3,1.0,coverageq404,True,1,1,1,1,0,0,0,0
3,1.0,coverageq505,True,1,1,1,1,0,0,0,0
3,1.0,coverageq606,True,1,1,1,1,0,0,0,0
3,1.0,coverageq707,True,1,1,1,1,0,0,0,0
3,1.0,coverageq808,True,1,1,1,1,0,0,0,0
3,0.9,coverageq101,True,1,1,1,1,0,0,0,0
3,0.9,coverageq202,True,1,1,1,1,0,0,0,0
3,0.9,coverageq303,True,1,1,1,1,0,0,0,0
3,0.9,coverageq404,True,1,1,1,1,0,0,0,0
3,0.9,coverageq505,False,1,0,0,1,0,0,0,0
3,0.9,coverageq606,True,1,1,1,1,0,0,0,0
3,0.9,coverageq707,True,1,1,1,1,0,0,0,0
3,0.9,coverageq808,True,1,1,1,1,0,0,0,0
3,0.75,coverageq101,False,1,0,0,1,0,0,0,0
3,0.75,coverageq202,True,1,1,1,1,0,0,0,0
3,0.75,coverageq303,True,1,1,1,1,0,0,0,0
3,0.75,coverageq404,True,1,1,1,1,0,0,0,0
3,0.75,coverageq505,True,1,1,1,1,0,0,0,0
3,0.75,coverageq606,True,1,1,1,1,0,0,0,0
3,0.75,coverageq707,False,1,0,0,1,0,0,0,0
3,0.75,coverageq808,True,1,1,1,1,0,0,0,0
3,0.5,coverageq101,False,1,0,0,1,0,0,0,0
3,0.5,coverageq202,False,1,0,0,1,0,0,0,0
3,0.5,coverageq303,True,1,1,1,1,0,0,0,0
3,0.5,coverageq404,True,1,1,1,1,0,0,0,0
3,0.5,coverageq505,True,1,1,1,1,0,0,0,0
3,0.5,coverageq606,False,1,0,0,1,0,0,0,0
3,0.5,coverageq707,True,1,1,1,1,0,0,0,0
3,0.5,coverageq808,False,1,0,0,1,0,0,0,0
3,0.25,coverageq101,True,1,1,1,1,0,0,0,0
3,0.25,coverageq202,False,1,0,0,1,0,0,0,0
3,0.25,coverageq303,False,1,0,0,1,0,0,0,0
3,0.25,coverageq404,False,1,0,0,1,0,0,0,0
3,0.25,coverageq505,False,1,0,0,1,0,0,0,0
3,0.25,coverageq606,True,1,1,1,1,0,0,0,0
3,0.25,coverageq707,False,1,0,0,1,0,0,0,0
3,0.25,coverageq808,False,1,0,0,1,0,0,0,0
3,0.1,coverageq101,False,1,0,0,1,0,0,0,0
3,0.1,coverageq202,True,1,1,1,1,0,0,0,0
3,0.1,coverageq303,False,1,0,0,1,0,0,0,0
3,0.1,coverageq404,False,1,0,0,1,0,0,0,0
3,0.1,coverageq505,False,1,0,0,1,0,0,0,0
3,0.1,coverageq606,False,1,0,0,1,0,0,0,0
3,0.1,coverageq707,False,1,0,0,1,0,0,0,0
3,0.1,coverageq808,False,1,0,0,1,0,0,0,0
3,0.0,coverageq101,False,1,0,0,1,0,0,0,0
3,0.0,coverageq202,False,1,0,0,1,0,0,0,0
3,0.0,coverageq303,False,1,0,0,1,0,0,0,0
3,0.0,coverageq404,False,1,0,0,1,0,0,0,0
3,0.0,coverageq505,False,1,0,0,1,0,0,0,0
3,0.0,coverageq606,False,1,0,0,1,0,0,0,0
3,0.0,coverageq707,False,1,0,0,1,0,0,0,0
3,0.0,coverageq808,False,1,0,0,1,0,0,0,0
4,1.0,coverageq101,True,1,1,1,1,0,0,0,0
4,1.0,coverageq202,True,1,1,1,1,0,0,0,0
4,1.0,coverageq303,True,1,1,1,1,0,0,0,0
4,1.0,coverageq404,True,1,1,1,1,0,0,0,0
4,1.0,coverageq505,True,1,1,1,1,0,0,0,0
4,1.0,coverageq606,True,1,1,1,1,0,0,0,0
4,1.0,coverageq707,True,1,1,1,1,0,0,0,0
4,1.0,coverageq808,True,1,1,1,1,0,0,0,0
4,0.9,coverageq101,True,1,1,1,1,0,0,0,0
4,0.9,coverageq202,True,1,1,1,1,0,0,0,0
4,0.9,coverageq303,True,1,1,1,1,0,0,0,0
4,0.9,coverageq404,True,1,1,1,1,0,0,0,0
4,0.9,coverageq505,True,1,1,1,1,0,0,0,0
4,0.9,coverageq606,False,1,0,0,1,0,0,0,0
4,0.9,coverageq707,True,1,1,1,1,0,0,0,0
4,0.9,coverageq808,True,1,1,1,1,0,0,0,0
4,0.75,coverageq101,True,1,1,1,1,0,0,0,0
4,0.75,coverageq202,True,1,1,1,1,0,0,0,0
4,0.75,coverageq303,True,1,1,1,1,0,0,0,0
4,0.75,coverageq404,False,1,0,0,1,0,0,0,0
4,0.75,coverageq505,True,1,1,1,1,0,0,0,0
4,0.75,coverageq606,False,1,0,0,1,0,0,0,0
4,0.75,coverageq707,True,1,1,1,1,0,0,0,0
4,0.75,coverageq808,True,1,1,1,1,0,0,0,0
4,0.5,coverageq101,True,1,1,1,1,0,0,0,0
4,0.5,coverageq202,False,1,0,0,1,0,0,0,0
4,0.5,coverageq303,True,1,1,1,1,0,0,0,0
4,0.5,coverageq404,False,1,0,0,1,0,0,0,0
4,0.5,coverageq505,False,1,0,0,1,0,0,0,0
4,0.5,coverageq606,True,1,1,1,1,0,0,0,0
4,0.5,coverageq707,True,1,1,1,1,0,0,0,0
4,0.5,coverageq808,False,1,0,0,1,0,0,0,0
4,0.25,coverageq101,False,1,0,0,1,0,0,0,0
4,0.25,coverageq202,True,1,1,1,1,0,0,0,0
4,0.25,coverageq303,False,1,0,0,1,0,0,0,0
4,0.25,coverageq404,False,1,0,0,1,0,0,0,0
4,0.25,coverageq505,True,1,1,1,1,0,0,0,0
4,0.25,coverageq606,False,1,0,0,1,0,0,0,0
4,0.25,coverageq707,False,1,0,0,1,0,0,0,0
4,0.25,coverageq808,False,1,0,0,1,0,0,0,0
4,0.1,coverageq101,False,1,0,0,1,0,0,0,0
4,0.1,coverageq202,False,1,0,0,1,0,0,0,0
4,0.1,coverageq303,True,1,1,1,1,0,0,0,0
4,0.1,coverageq404,False,1,0,0,1,0,0,0,0
4,0.1,coverageq505,False,1,0,0,1,0,0,0,0
4,0.1,coverageq606,False,1,0,0,1,0,0,0,0
4,0.1,coverageq707,False,1,0,0,1,0,0,0,0
4,0.1,coverageq808,False,1,0,0,1,0,0,0,0
4,0.0,coverageq101,False,1,0,0,1,0,0,0,0
4,0.0,coverageq202,False,1,0,0,1,0,0,0,0
4,0.0,coverageq303,False,1,0,0,1,0,0,0,0
4,0.0,coverageq404,False,1,0,0,1,0,0,0,0
4,0.0,coverageq505,False,1,0,0,1,0,0,0,0
4,0.0,coverageq606,False,1,0,0,1,0,0,0,0
4,0.0,coverageq707,False,1,0,0,1,0,0,0,0
4,0.0,coverageq808,False,1,0,0,1,0,0,0,0
5,1.0,coverageq101,True,1,1,1,1,0,0,0,0
5,1.0,coverageq202,True,1,1,1,1,0,0,0,0
5,1.0,coverageq303,True,1,1,1,1,0,0,0,0
5,1.0,coverageq404,True,1,1,1,1,0,0,0,0
5,1.0,coverageq505,True,1,1,1,1,0,0,0,0
5,1.0,coverageq606,True,1,1,1,1,0,0,0,0
5,1.0,coverageq707,True,1,1,1,1,0,0,0,0
5,1.0,coverageq808,True,1,1,1,1,0,0,0,0
5,0.9,coverageq101,True,1,1,1,1,0,0,0,0
5,0.9,coverageq202,True,1,1,1,1,0,0,0,0
5,0.9,coverageq303,True,1,1,1,1,0,0,0,0
5,0.9,coverageq404,True,1,1,1,1,0,0,0,0
5,0.9,coverageq505,True,1,1,1,1,0,0,0,0
5,0.9,coverageq606,False,1,0,0,1,0,0,0,0
5,0.9,coverageq707,True,1,1,1,1,0,0,0,0
5,0.9,coverageq808,True,1,1,1,1,0,0,0,0
5,0.75,coverageq101,True,1,1,1,1,0,0,0,0
5,0.75,coverageq202,True,1,1,1,1,0,0,0,0
5,0.75,coverageq303,False,1,0,0,1,0,0,0,0
5,0.75,coverageq404,True,1,1,1,1,0,0,0,0
5,0.75,coverageq505,True,1,1,1,1,0,0,0,0
5,0.75,coverageq606,True,1,1,1,1,0,0,0,0
5,0.75,coverageq707,False,1,0,0,1,0,0,0,0
5,0.75,coverageq808,True,1,1,1,1,0,0,0,0
5,0.5,coverageq101,False,1,0,0,1,0,0,0,0
5,0.5,coverageq202,True,1,1,1,1,0,0,0,0
5,0.5,coverageq303,True,1,1,1,1,0,0,0,0
5,0.5,coverageq404,True,1,1,1,1,0,0,0,0
5,0.5,coverageq505,False,1,0,0,1,0,0,0,0
5,0.5,coverageq606,False,1,0,0,1,0,0,0,0
5,0.5,coverageq707,True,1,1,1,1,0,0,0,0
5,0.5,coverageq808,False,1,0,0,1,0,0,0,0
5,0.25,coverageq101,False,1,0,0,1,0,0,0,0
5,0.25,coverageq202,True,1,1,1,1,0,0,0,0
5,0.25,coverageq303,False,1,0,0,1,0,0,0,0
5,0.25,coverageq404,False,1,0,0,1,0,0,0,0
5,0.25,coverageq505,False,1,0,0,1,0,0,0,0
5,0.25,coverageq606,False,1,0,0,1,0,0,0,0
5,0.25,coverageq707,False,1,0,0,1,0,0,0,0
5,0.25,coverageq808,True,1,1,1,1,0,0,0,0
5,0.1,coverageq101,False,1,0,0,1,0,0,0,0
5,0.1,coverageq202,False,1,0,0,1,0,0,0,0
5,0.1,coverageq303,False,1,0,0,1,0,0,0,0
5,0.1,coverageq404,False,1,0,0,1,0,0,0,0
5,0.1,coverageq505,False,1,0,0,1,0,0,0,0
5,0.1,coverageq606,False,1,0,0,1,0,0,0,0
5,0.1,coverageq707,False,1,0,0,1,0,0,0,0
5,0.1,coverageq808,True,1,1,1,1,0,0,0,0
5,0.0,coverageq101,False,1,0,0,1,0,0,0,0
5,0.0,coverageq202,False,1,0,0,1,0,0,0,0
5,0.0,coverageq303,False,1,0,0,1,0,0,0,0
5,0.0,coverageq404,False,1,0,0,1,0,0,0,0
5,0.0,coverageq505,False,1,0,0,1,0,0,0,0
5,0.0,coverageq606,False,1,0,0,1,0,0,0,0
5,0.0,coverageq707,False,1,0,0,1,0,0,0,0
5,0.0,coverageq808,False,1,0,0,1,0,0,0,0
6,1.0,coverageq101,True,1,1,1,1,0,0,0,0
6,1.0,coverageq202,True,1,1,1,1,0,0,0,0
6,1.0,coverageq303,True,1,1,1,1,0,0,0,0
6,1.0,coverageq404,True,1,1,1,1,0,0,0,0
6,1.0,coverageq505,True,1,1,1,1,0,0,0,0
6,1.0,coverageq606,True,1,1,1,1,0,0,0,0
6,1.0,coverageq707,True,1,1,1,1,0,0,0,0
6,1.0,coverageq808,True,1,1,1,1,0,0,0,0
6,0.9,coverageq101,True,1,1,1,1,0,0,0,0
6,0.9,coverageq202,True,1,1,1,1,0,0,0,0
6,0.9,coverageq303,True,1,1,1,1,0,0,0,0
6,0.9,coverageq404,True,1,1,1,1,0,0,0,0
6,0.9,coverageq505,False,1,0,0,1,0,0,0,0
6,0.9,coverageq606,True,1,1,1,1,0,0,0,0
6,0.9,coverageq707,True,1,1,1,1,0,0,0,0
6,0.9,coverageq808,True,1,1,1,1,0,0,0,0
6,0.75,coverageq101,False,1,0,0,1,0,0,0,0
6,0.75,coverageq202,True,1,1,1,1,0,0,0,0
6,0.75,coverageq303,True,1,1,1,1,0,0,0,0
6,0.75,coverageq404,True,1,1,1,1,0,0,0,0
6,0.75,coverageq505,True,1,1,1,1,0,0,0,0
6,0.75,coverageq606,True,1,1,1,1,0,0,0,0
6,0.75,coverageq707,False,1,0,0,1,0,0,0,0
6,0.75,coverageq808,True,1,1,1,1,0,0,0,0
6,0.5,coverageq101,False,1,0,0,1,0,0,0,0
6,0.5,coverageq202,True,1,1,1,1,0,0,0,0
6,0.5,coverageq303,True,1,1,1,1,0,0,0,0
6,0.5,coverageq404,True,1,1,1,1,0,0,0,0
6,0.5,coverageq505,False,1,0,0,1,0,0,0,0
6,0.5,coverageq606,False,1,0,0,1,0,0,0,0
6,0.5,coverageq707,True,1,1,1,1,0,0,0,0
6,0.5,coverageq808,False,1,0,0,1,0,0,0,0
6,0.25,coverageq101,False,1,0,0,1,0,0,0,0
6,0.25,coverageq202,True,1,1,1,1,0,0,0,0
6,0.25,coverageq303,True,1,1,1,1,0,0,0,0
6,0.25,coverageq404,False,1,0,0,1,0,0,0,0
6,0.25,coverageq505,False,1,0,0,1,0,0,0,0
6,0.25,coverageq606,False,1,0,0,1,0,0,0,0
6,0.25,coverageq707,False,1,0,0,1,0,0,0,0
6,0.25,coverageq808,False,1,0,0,1,0,0,0,0
6,0.1,coverageq101,False,1,0,0,1,0,0,0,0
6,0.1,coverageq202,False,1,0,0,1,0,0,0,0
6,0.1,coverageq303,False,1,0,0,1,0,0,0,0
6,0.1,coverageq404,False,1,0,0,1,0,0,0,0
6,0.1,coverageq505,False,1,0,0,1,0,0,0,0
6,0.1,coverageq606,False,1,0,0,1,0,0,0,0
6,0.1,coverageq707,True,1,1,1,1,0,0,0,0
6,0.1,coverageq808,False,1,0,0,1,0,0,0,0
6,0.0,coverageq101,False,1,0,0,1,0,0,0,0
6,0.0,coverageq202,False,1,0,0,1,0,0,0,0
6,0.0,coverageq303,False,1,0,0,1,0,0,0,0
6,0.0,coverageq404,False,1,0,0,1,0,0,0,0
6,0.0,coverageq505,False,1,0,0,1,0,0,0,0
6,0.0,coverageq606,False,1,0,0,1,0,0,0,0
6,0.0,coverageq707,False,1,0,0,1,0,0,0,0
6,0.0,coverageq808,False,1,0,0,1,0,0,0,0
7,1.0,coverageq101,True,1,1,1,1,0,0,0,0
7,1.0,coverageq202,True,1,1,1,1,0,0,0,0
7,1.0,coverageq303,True,1,1,1,1,0,0,0,0
7,1.0,coverageq404,True,1,1,1,1,0,0,0,0
7,1.0,coverageq505,True,1,1,1,1,0,0,0,0
7,1.0,coverageq606,True,1,1,1,1,0,0,0,0
7,1.0,coverageq707,True,1,1,1,1,0,0,0,0
7,1.0,coverageq808,True,1,1,1,1,0,0,0,0
7,0.9,coverageq101,True,1,1,1,1,0,0,0,0
7,0.9,coverageq202,True,1,1,1,1,0,0,0,0
7,0.9,coverageq303,True,1,1,1,1,0,0,0,0
7,0.9,coverageq404,False,1,0,0,1,0,0,0,0
7,0.9,coverageq505,True,1,1,1,1,0,0,0,0
7,0.9,coverageq606,True,1,1,1,1,0,0,0,0
7,0.9,coverageq707,True,1,1,1,1,0,0,0,0
7,0.9,coverageq808,True,1,1,1,1,0,0,0,0
7,0.75,coverageq101,True,1,1,1,1,0,0,0,0
7,0.75,coverageq202,True,1,1,1,1,0,0,0,0
7,0.75,coverageq303,False,1,0,0,1,0,0,0,0
7,0.75,coverageq404,True,1,1,1,1,0,0,0,0
7,0.75,coverageq505,True,1,1,1,1,0,0,0,0
7,0.75,coverageq606,True,1,1,1,1,0,0,0,0
7,0.75,coverageq707,False,1,0,0,1,0,0,0,0
7,0.75,coverageq808,True,1,1,1,1,0,0,0,0
7,0.5,coverageq101,False,1,0,0,1,0,0,0,0
7,0.5,coverageq202,True,1,1,1,1,0,0,0,0
7,0.5,coverageq303,False,1,0,0,1,0,0,0,0
7,0.5,coverageq404,False,1,0,0,1,0,0,0,0
7,0.5,coverageq505,True,1,1,1,1,0,0,0,0
7,0.5,coverageq606,True,1,1,1,1,0,0,0,0
7,0.5,coverageq707,False,1,0,0,1,0,0,0,0
7,0.5,coverageq808,True,1,1,1,1,0,0,0,0
7,0.25,coverageq101,True,1,1,1,1,0,0,0,0
7,0.25,coverageq202,False,1,0,0,1,0,0,0,0
7,0.25,coverageq303,False,1,0,0,1,0,0,0,0
7,0.25,coverageq404,False,1,0,0,1,0,0,0,0
7,0.25,coverageq505,True,1,1,1,1,0,0,0,0
7,0.25,coverageq606,False,1,0,0,1,0,0,0,0
7,0.25,coverageq707,False,1,0,0,1,0,0,0,0
7,0.25,coverageq808,False,1,0,0,1,0,0,0,0
7,0.1,coverageq101,False,1,0,0,1,0,0,0,0
7,0.1,coverageq202,False,1,0,0,1,0,0,0,0
7,0.1,coverageq303,False,1,0,0,1,0,0,0,0
7,0.1,coverageq404,False,1,0,0,1,0,0,0,0
7,0.1,coverageq505,False,1,0,0,1,0,0,0,0
7,0.1,coverageq606,False,1,0,0,1,0,0,0,0
7,0.1,coverageq707,True,1,1,1,1,0,0,0,0
7,0.1,coverageq808,False,1,0,0,1,0,0,0,0
7,0.0,coverageq101,False,1,0,0,1,0,0,0,0
7,0.0,coverageq202,False,1,0,0,1,0,0,0,0
7,0.0,coverageq303,False,1,0,0,1,0,0,0,0
7,0.0,coverageq404,False,1,0,0,1,0,0,0,0
7,0.0,coverageq505,False,1,0,0,1,0,0,0,0
7,0.0,coverageq606,False,1,0,0,1,0,0,0,0
7,0.0,coverageq707,False,1,0,0,1,0,0,0,0
7,0.0,coverageq808,False,1,0,0,1,0,0,0,0
8,1.0,coverageq101,True,1,1,1,1,0,0,0,0
8,1.0,coverageq202,True,1,1,1,1,0,0,0,0
8,1.0,coverageq303,True,1,1,1,1,0,0,0,0
8,1.0,coverageq404,True,1,1,1,1,0,0,0,0
8,1.0,coverageq505,True,1,1,1,1,0,0,0,0
8,1.0,coverageq606,True,1,1,1,1,0,0,0,0
8,1.0,coverageq707,True,1,1,1,1,0,0,0,0
8,1.0,coverageq808,True,1,1,1,1,0,0,0,0
8,0.9,coverageq101,True,1,1,1,1,0,0,0,0
8,0.9,coverageq202,True,1,1,1,1,0,0,0,0
8,0.9,coverageq303,True,1,1,1,1,0,0,0,0
8,0.9,coverageq404,True,1,1,1,1,0,0,0,0
8,0.9,coverageq505,True,1,1,1,1,0,0,0,0
8,0.9,coverageq606,False,1,0,0,1,0,0,0,0
8,0.9,coverageq707,True,1,1,1,1,0,0,0,0
8,0.9,coverageq808,True,1,1,1,1,0,0,0,0
8,0.75,coverageq101,False,1,0,0,1,0,0,0,0
8,0.75,coverageq202,False,1,0,0,1,0,0,0,0
8,0.75,coverageq303,True,1,1,1,1,0,0,0,0
8,0.75,coverageq404,True,1,1,1,1,0,0,0,0
8,0.75,coverageq505,True,1,1,1,1,0,0,0,0
8,0.75,coverageq606,True,1,1,1,1,0,0,0,0
8,0.75,coverageq707,True,1,1,1,1,0,0,0,0
8,0.75,coverageq808,True,1,1,1,1,0,0,0,0
8,0.5,coverageq101,True,1,1,1,1,0,0,0,0
8,0.5,coverageq202,False,1,0,0,1,0,0,0,0
8,0.5,coverageq303,False,1,0,0,1,0,0,0,0
8,0.5,coverageq404,True,1,1,1,1,0,0,0,0
8,0.5,coverageq505,False,1,0,0,1,0,0,0,0
8,0.5,coverageq606,False,1,0,0,1,0,0,0,0
8,0.5,coverageq707,True,1,1,1,1,0,0,0,0
8,0.5,coverageq808,True,1,1,1,1,0,0,0,0
8,0.25,coverageq101,False,1,0,0,1,0,0,0,0
8,0.25,coverageq202,True,1,1,1,1,0,0,0,0
8,0.25,coverageq303,False,1,0,0,1,0,0,0,0
8,0.25,coverageq404,False,1,0,0,1,0,0,0,0
8,0.25,coverageq505,False,1,0,0,1,0,0,0,0
8,0.25,coverageq606,False,1,0,0,1,0,0,0,0
8,0.25,coverageq707,False,1,0,0,1,0,0,0,0
8,0.25,coverageq808,True,1,1,1,1,0,0,0,0
8,0.1,coverageq101,True,1,1,1,1,0,0,0,0
8,0.1,coverageq202,False,1,0,0,1,0,0,0,0
8,0.1,coverageq303,False,1,0,0,1,0,0,0,0
8,0.1,coverageq404,False,1,0,0,1,0,0,0,0
8,0.1,coverageq505,False,1,0,0,1,0,0,0,0
8,0.1,coverageq606,False,1,0,0,1,0,0,0,0
8,0.1,coverageq707,False,1,0,0,1,0,0,0,0
8,0.1,coverageq808,False,1,0,0,1,0,0,0,0
8,0.0,coverageq101,False,1,0,0,1,0,0,0,0
8,0.0,coverageq202,False,1,0,0,1,0,0,0,0
8,0.0,coverageq303,False,1,0,0,1,0,0,0,0
8,0.0,coverageq404,False,1,0,0,1,0,0,0,0
8,0.0,coverageq505,False,1,0,0,1,0,0,0,0
8,0.0,coverageq606,False,1,0,0,1,0,0,0,0
8,0.0,coverageq707,False,1,0,0,1,0,0,0,0
8,0.0,coverageq808,False,1,0,0,1,0,0,0,0
9,1.0,coverageq101,True,1,1,1,1,0,0,0,0
9,1.0,coverageq202,True,1,1,1,1,0,0,0,0
9,1.0,coverageq303,True,1,1,1,1,0,0,0,0
9,1.0,coverageq404,True,1,1,1,1,0,0,0,0
9,1.0,coverageq505,True,1,1,1,1,0,0,0,0
9,1.0,coverageq606,True,1,1,1,1,0,0,0,0
9,1.0,coverageq707,True,1,1,1,1,0,0,0,0
9,1.0,coverageq808,True,1,1,1,1,0,0,0,0
9,0.9,coverageq101,True,1,1,1,1,0,0,0,0
9,0.9,coverageq202,True,1,1,1,1,0,0,0,0
9,0.9,coverageq303,True,1,1,1,1,0,0,0,0
9,0.9,coverageq404,False,1,0,0,1,0,0,0,0
9,0.9,coverageq505,True,1,1,1,1,0,0,0,0
9,0.9,coverageq606,True,1,1,1,1,0,0,0,0
9,0.9,coverageq707,True,1,1,1,1,0,0,0,0
9,0.9,coverageq808,True,1,1,1,1,0,0,0,0
9,0.75,coverageq101,True,1,1,1,1,0,0,0,0
9,0.75,coverageq202,True,1,1,1,1,0,0,0,0
9,0.75,coverageq303,True,1,1,1,1,0,0,0,0
9,0.75,coverageq404,True,1,1,1,1,0,0,0,0
9,0.75,coverageq505,False,1,0,0,1,0,0,0,0
9,0.75,coverageq606,True,1,1,1,1,0,0,0,0
9,0.75,coverageq707,True,1,1,1,1,0,0,0,0
9,0.75,coverageq808,False,1,0,0,1,0,0,0,0
9,0.5,coverageq101,True,1,1,1,1,0,0,0,0
9,0.5,coverageq202,True,1,1,1,1,0,0,0,0
9,0.5,coverageq303,False,1,0,0,1,0,0,0,0
9,0.5,coverageq404,True,1,1,1,1,0,0,0,0
9,0.5,coverageq505,False,1,0,0,1,0,0,0,0
9,0.5,coverageq606,False,1,0,0,1,0,0,0,0
9,0.5,coverageq707,True,1,1,1,1,0,0,0,0
9,0.5,coverageq808,False,1,0,0,1,0,0,0,0
9,0.25,coverageq101,False,1,0,0,1,0,0,0,0
9,0.25,coverageq202,True,1,1,1,1,0,0,0,0
9,0.25,coverageq303,False,1,0,0,1,0,0,0,0
9,0.25,coverageq404,False,1,0,0,1,0,0,0,0
9,0.25,coverageq505,False,1,0,0,1,0,0,0,0
9,0.25,coverageq606,False,1,0,0,1,0,0,0,0
9,0.25,coverageq707,True,1,1,1,1,0,0,0,0
9,0.25,coverageq808,False,1,0,0,1,0,0,0,0
9,0.1,coverageq101,False,1,0,0,1,0,0,0,0
9,0.1,coverageq202,False,1,0,0,1,0,0,0,0
9,0.1,coverageq303,False,1,0,0,1,0,0,0,0
9,0.1,coverageq404,False,1,0,0,1,0,0,0,0
9,0.1,coverageq505,False,1,0,0,1,0,0,0,0
9,0.1,coverageq606,False,1,0,0,1,0,0,0,0
9,0.1,coverageq707,True,1,1,1,1,0,0,0,0
9,0.1,coverageq808,False,1,0,0,1,0,0,0,0
9,0.0,coverageq101,False,1,0,0,1,0,0,0,0
9,0.0,coverageq202,False,1,0,0,1,0,0,0,0
9,0.0,coverageq303,False,1,0,0,1,0,0,0,0
9,0.0,coverageq404,False,1,0,0,1,0,0,0,0
9,0.0,coverageq505,False,1,0,0,1,0,0,0,0
9,0.0,coverageq606,False,1,0,0,1,0,0,0,0
9,0.0,coverageq707,False,1,0,0,1,0,0,0,0
9,0.0,coverageq808,False,1,0,0,1,0,0,0,0
