source_doc_id,domain_stratum,question_position,query_id,question_type,answerability,evidence_mode,resolution_rule
TIERA_001,STR01_TECHNOLOGY,1,TIERA_Q001,lexical-anchor,answerable,direct,
TIERA_001,STR01_TECHNOLOGY,2,TIERA_Q002,semantic-paraphrase,unanswerable,none,
TIERA_001,STR01_TECHNOLOGY,3,TIERA_Q003,entity+attribute,answerable,direct,
TIERA_001,STR01_TECHNOLOGY,4,TIERA_Q004,multi-hop,answerable,direct,
TIERA_001,STR01_TECHNOLOGY,5,TIERA_Q005,distractor-heavy,answerable,direct,
TIERA_002,STR01_TECHNOLOGY,1,TIERA_Q006,lexical-anchor,answerable,direct,
TIERA_002,STR01_TECHNOLOGY,2,TIERA_Q007,semantic-paraphrase,unanswerable,none,
TIERA_002,STR01_TECHNOLOGY,3,TIERA_Q008,entity+attribute,answerable,direct,
TIERA_002,STR01_TECHNOLOGY,4,TIERA_Q009,multi-hop,answerable,direct,
TIERA_002,STR01_TECHNOLOGY,5,TIERA_Q010,distractor-heavy,answerable,direct,
TIERA_003,STR01_TECHNOLOGY,1,TIERA_Q011,lexical-anchor,answerable,direct,
TIERA_003,STR01_TECHNOLOGY,2,TIERA_Q012,semantic-paraphrase,unanswerable,none,
TIERA_003,STR01_TECHNOLOGY,3,TIERA_Q013,entity+attribute,answerable,direct,
TIERA_003,STR01_TECHNOLOGY,4,TIERA_Q014,multi-hop,answerable,direct,
TIERA_003,STR01_TECHNOLOGY,5,TIERA_Q015,distractor-heavy,answerable,direct,
TIERA_004,STR01_TECHNOLOGY,1,TIERA_Q016,lexical-anchor,answerable,direct,
TIERA_004,STR01_TECHNOLOGY,2,TIERA_Q017,semantic-paraphrase,unanswerable,none,
TIERA_004,STR01_TECHNOLOGY,3,TIERA_Q018,entity+attribute,answerable,direct,
TIERA_004,STR01_TECHNOLOGY,4,TIERA_Q019,multi-hop,answerable,direct,
TIERA_004,STR01_TECHNOLOGY,5,TIERA_Q020,distractor-heavy,answerable,direct,
TIERA_005,STR01_TECHNOLOGY,1,TIERA_Q021,lexical-anchor,answerable,direct,
TIERA_005,STR01_TECHNOLOGY,2,TIERA_Q022,semantic-paraphrase,unanswerable,none,
TIERA_005,STR01_TECHNOLOGY,3,TIERA_Q023,entity+attribute,answerable,direct,
TIERA_005,STR01_TECHNOLOGY,4,TIERA_Q024,multi-hop,answerable,direct,
TIERA_005,STR01_TECHNOLOGY,5,TIERA_Q025,distractor-heavy,answerable,direct,
TIERA_006,STR01_TECHNOLOGY,1,TIERA_Q026,lexical-anchor,answerable,direct,
TIERA_006,STR01_TECHNOLOGY,2,TIERA_Q027,semantic-paraphrase,unanswerable,none,
TIERA_006,STR01_TECHNOLOGY,3,TIERA_Q028,entity+attribute,answerable,direct,
TIERA_006,STR01_TECHNOLOGY,4,TIERA_Q029,multi-hop,answerable,direct,
TIERA_006,STR01_TECHNOLOGY,5,TIERA_Q030,distractor-heavy,answerable,direct,
TIERA_007,STR02_HEALTHCARE,1,TIERA_Q031,lexical-anchor,answerable,direct,
TIERA_007,STR02_HEALTHCARE,2,TIERA_Q032,semantic-paraphrase,unanswerable,none,
TIERA_007,STR02_HEALTHCARE,3,TIERA_Q033,entity+attribute,answerable,direct,
TIERA_007,STR02_HEALTHCARE,4,TIERA_Q034,multi-hop,answerable,direct,
TIERA_007,STR02_HEALTHCARE,5,TIERA_Q035,distractor-heavy,answerable,direct,
TIERA_008,STR02_HEALTHCARE,1,TIERA_Q036,lexical-anchor,answerable,direct,
TIERA_008,STR02_HEALTHCARE,2,TIERA_Q037,semantic-paraphrase,unanswerable,none,
TIERA_008,STR02_HEALTHCARE,3,TIERA_Q038,entity+attribute,answerable,direct,
TIERA_008,STR02_HEALTHCARE,4,TIERA_Q039,multi-hop,answerable,direct,
TIERA_008,STR02_HEALTHCARE,5,TIERA_Q040,distractor-heavy,answerable,direct,
TIERA_009,STR02_HEALTHCARE,1,TIERA_Q041,lexical-anchor,answerable,direct,
TIERA_009,STR02_HEALTHCARE,2,TIERA_Q042,semantic-paraphrase,answerable,direct,
TIERA_009,STR02_HEALTHCARE,3,TIERA_Q043,entity+attribute,unanswerable,none,
TIERA_009,STR02_HEALTHCARE,4,TIERA_Q044,multi-hop,answerable,direct,
TIERA_009,STR02_HEALTHCARE,5,TIERA_Q045,distractor-heavy,answerable,direct,
TIERA_010,STR02_HEALTHCARE,1,TIERA_Q046,lexical-anchor,answerable,direct,
TIERA_010,STR02_HEALTHCARE,2,TIERA_Q047,semantic-paraphrase,answerable,direct,
TIERA_010,STR02_HEALTHCARE,3,TIERA_Q048,entity+attribute,unanswerable,none,
TIERA_010,STR02_HEALTHCARE,4,TIERA_Q049,multi-hop,answerable,direct,
TIERA_010,STR02_HEALTHCARE,5,TIERA_Q050,distractor-heavy,answerable,direct,
TIERA_011,STR02_HEALTHCARE,1,TIERA_Q051,lexical-anchor,answerable,direct,
TIERA_011,STR02_HEALTHCARE,2,TIERA_Q052,semantic-paraphrase,answerable,direct,
TIERA_011,STR02_HEALTHCARE,3,TIERA_Q053,entity+attribute,unanswerable,none,
TIERA_011,STR02_HEALTHCARE,4,TIERA_Q054,multi-hop,answerable,direct,
TIERA_011,STR02_HEALTHCARE,5,TIERA_Q055,distractor-heavy,answerable,direct,
TIERA_012,STR02_HEALTHCARE,1,TIERA_Q056,lexical-anchor,answerable,direct,
TIERA_012,STR02_HEALTHCARE,2,TIERA_Q057,semantic-paraphrase,answerable,direct,
TIERA_012,STR02_HEALTHCARE,3,TIERA_Q058,entity+attribute,unanswerable,none,
TIERA_012,STR02_HEALTHCARE,4,TIERA_Q059,multi-hop,answerable,direct,
TIERA_012,STR02_HEALTHCARE,5,TIERA_Q060,distractor-heavy,answerable,direct,
TIERA_013,STR03_FINANCE,1,TIERA_Q061,lexical-anchor,answerable,direct,
TIERA_013,STR03_FINANCE,2,TIERA_Q062,semantic-paraphrase,answerable,direct,
TIERA_013,STR03_FINANCE,3,TIERA_Q063,entity+attribute,unanswerable,none,
TIERA_013,STR03_FINANCE,4,TIERA_Q064,multi-hop,answerable,direct,
TIERA_013,STR03_FINANCE,5,TIERA_Q065,distractor-heavy,answerable,direct,
TIERA_014,STR03_FINANCE,1,TIERA_Q066,lexical-anchor,answerable,direct,
TIERA_014,STR03_FINANCE,2,TIERA_Q067,semantic-paraphrase,answerable,direct,
TIERA_014,STR03_FINANCE,3,TIERA_Q068,entity+attribute,unanswerable,none,
TIERA_014,STR03_FINANCE,4,TIERA_Q069,multi-hop,answerable,direct,
TIERA_014,STR03_FINANCE,5,TIERA_Q070,distractor-heavy,answerable,direct,
TIERA_015,STR03_FINANCE,1,TIERA_Q071,lexical-anchor,answerable,direct,
TIERA_015,STR03_FINANCE,2,TIERA_Q072,semantic-paraphrase,answerable,direct,
TIERA_015,STR03_FINANCE,3,TIERA_Q073,entity+attribute,unanswerable,none,
TIERA_015,STR03_FINANCE,4,TIERA_Q074,multi-hop,answerable,direct,
TIERA_015,STR03_FINANCE,5,TIERA_Q075,distractor-heavy,answerable,direct,
TIERA_016,STR03_FINANCE,1,TIERA_Q076,lexical-anchor,answerable,direct,
TIERA_016,STR03_FINANCE,2,TIERA_Q077,semantic-paraphrase,answerable,direct,
TIERA_016,STR03_FINANCE,3,TIERA_Q078,entity+attribute,unanswerable,none,
TIERA_016,STR03_FINANCE,4,TIERA_Q079,multi-hop,answerable,direct,
TIERA_016,STR03_FINANCE,5,TIERA_Q080,distractor-heavy,answerable,direct,
TIERA_017,STR03_FINANCE,1,TIERA_Q081,lexical-anchor,answerable,direct,
TIERA_017,STR03_FINANCE,2,TIERA_Q082,semantic-paraphrase,answerable,direct,
TIERA_017,STR03_FINANCE,3,TIERA_Q083,entity+attribute,answerable,direct,
TIERA_017,STR03_FINANCE,4,TIERA_Q084,multi-hop,answerable,direct,
TIERA_017,STR03_FINANCE,5,TIERA_Q085,distractor-heavy,unanswerable,none,
TIERA_018,STR03_FINANCE,1,TIERA_Q086,lexical-anchor,answerable,direct,
TIERA_018,STR03_FINANCE,2,TIERA_Q087,semantic-paraphrase,answerable,direct,
TIERA_018,STR03_FINANCE,3,TIERA_Q088,entity+attribute,answerable,direct,
TIERA_018,STR03_FINANCE,4,TIERA_Q089,multi-hop,answerable,direct,
TIERA_018,STR03_FINANCE,5,TIERA_Q090,distractor-heavy,unanswerable,none,
TIERA_019,STR04_TRANSPORTATION,1,TIERA_Q091,lexical-anchor,answerable,direct,
TIERA_019,STR04_TRANSPORTATION,2,TIERA_Q092,semantic-paraphrase,answerable,direct,
TIERA_019,STR04_TRANSPORTATION,3,TIERA_Q093,entity+attribute,answerable,direct,
TIERA_019,STR04_TRANSPORTATION,4,TIERA_Q094,multi-hop,answerable,direct,
TIERA_019,STR04_TRANSPORTATION,5,TIERA_Q095,distractor-heavy,unanswerable,none,
TIERA_020,STR04_TRANSPORTATION,1,TIERA_Q096,lexical-anchor,answerable,direct,
TIERA_020,STR04_TRANSPORTATION,2,TIERA_Q097,semantic-paraphrase,answerable,direct,
TIERA_020,STR04_TRANSPORTATION,3,TIERA_Q098,entity+attribute,answerable,direct,
TIERA_020,STR04_TRANSPORTATION,4,TIERA_Q099,multi-hop,answerable,direct,
TIERA_020,STR04_TRANSPORTATION,5,TIERA_Q100,distractor-heavy,unanswerable,none,
TIERA_021,STR04_TRANSPORTATION,1,TIERA_Q101,lexical-anchor,answerable,direct,
TIERA_021,STR04_TRANSPORTATION,2,TIERA_Q102,semantic-paraphrase,answerable,direct,
TIERA_021,STR04_TRANSPORTATION,3,TIERA_Q103,entity+attribute,answerable,direct,
TIERA_021,STR04_TRANSPORTATION,4,TIERA_Q104,multi-hop,answerable,direct,
TIERA_021,STR04_TRANSPORTATION,5,TIERA_Q105,distractor-heavy,unanswerable,none,
TIERA_022,STR04_TRANSPORTATION,1,TIERA_Q106,lexical-anchor,answerable,direct,
TIERA_022,STR04_TRANSPORTATION,2,TIERA_Q107,semantic-paraphrase,answerable,direct,
TIERA_022,STR04_TRANSPORTATION,3,TIERA_Q108,entity+attribute,answerable,direct,
TIERA_022,STR04_TRANSPORTATION,4,TIERA_Q109,multi-hop,answerable,direct,
TIERA_022,STR04_TRANSPORTATION,5,TIERA_Q110,distractor-heavy,unanswerable,none,
TIERA_023,STR04_TRANSPORTATION,1,TIERA_Q111,lexical-anchor,answerable,direct,
TIERA_023,STR04_TRANSPORTATION,2,TIERA_Q112,semantic-paraphrase,answerable,direct,
TIERA_023,STR04_TRANSPORTATION,3,TIERA_Q113,entity+attribute,answerable,direct,
TIERA_023,STR04_TRANSPORTATION,4,TIERA_Q114,multi-hop,answerable,direct,
TIERA_023,STR04_TRANSPORTATION,5,TIERA_Q115,distractor-heavy,unanswerable,none,
TIERA_024,STR04_TRANSPORTATION,1,TIERA_Q116,lexical-anchor,answerable,direct,
TIERA_024,STR04_TRANSPORTATION,2,TIERA_Q117,semantic-paraphrase,answerable,direct,
TIERA_024,STR04_TRANSPORTATION,3,TIERA_Q118,entity+attribute,answerable,direct,
TIERA_024,STR04_TRANSPORTATION,4,TIERA_Q119,multi-hop,answerable,direct,
TIERA_024,STR04_TRANSPORTATION,5,TIERA_Q120,distractor-heavy,unanswerable,none,
TIERA_025,STR05_EDUCATION,1,TIERA_Q121,lexical-anchor,conflict,conflicting,report_uncertainty_unless_resolution_rule_applies
TIERA_025,STR05_EDUCATION,2,TIERA_Q122,semantic-paraphrase,answerable,direct,
TIERA_025,STR05_EDUCATION,3,TIERA_Q123,entity+attribute,answerable,direct,
TIERA_025,STR05_EDUCATION,4,TIERA_Q124,multi-hop,answerable,direct,
TIERA_025,STR05_EDUCATION,5,TIERA_Q125,distractor-heavy,answerable,direct,
TIERA_026,STR05_EDUCATION,1,TIERA_Q126,lexical-anchor,conflict,conflicting,report_uncertainty_unless_resolution_rule_applies
TIERA_026,STR05_EDUCATION,2,TIERA_Q127,semantic-paraphrase,answerable,direct,
TIERA_026,STR05_EDUCATION,3,TIERA_Q128,entity+attribute,answerable,direct,
TIERA_026,STR05_EDUCATION,4,TIERA_Q129,multi-hop,answerable,direct,
TIERA_026,STR05_EDUCATION,5,TIERA_Q130,distractor-heavy,answerable,direct,
TIERA_027,STR05_EDUCATION,1,TIERA_Q131,lexical-anchor,conflict,conflicting,report_uncertainty_unless_resolution_rule_applies
TIERA_027,STR05_EDUCATION,2,TIERA_Q132,semantic-paraphrase,answerable,direct,
TIERA_027,STR05_EDUCATION,3,TIERA_Q133,entity+attribute,answerable,direct,
TIERA_027,STR05_EDUCATION,4,TIERA_Q134,multi-hop,answerable,direct,
TIERA_027,STR05_EDUCATION,5,TIERA_Q135,distractor-heavy,answerable,direct,
TIERA_028,STR05_EDUCATION,1,TIERA_Q136,lexical-anchor,conflict,conflicting,report_uncertainty_unless_resolution_rule_applies
TIERA_028,STR05_EDUCATION,2,TIERA_Q137,semantic-paraphrase,answerable,direct,
TIERA_028,STR05_EDUCATION,3,TIERA_Q138,entity+attribute,answerable,direct,
TIERA_028,STR05_EDUCATION,4,TIERA_Q139,multi-hop,answerable,direct,
TIERA_028,STR05_EDUCATION,5,TIERA_Q140,distractor-heavy,answerable,direct,
TIERA_029,STR05_EDUCATION,1,TIERA_Q141,lexical-anchor,conflict,conflicting,report_uncertainty_unless_resolution_rule_applies
TIERA_029,STR05_EDUCATION,2,TIERA_Q142,semantic-paraphrase,answerable,direct,
TIERA_029,STR05_EDUCATION,3,TIERA_Q143,entity+attribute,answerable,direct,
TIERA_029,STR05_EDUCATION,4,TIERA_Q144,multi-hop,answerable,direct,
TIERA_029,STR05_EDUCATION,5,TIERA_Q145,distractor-heavy,answerable,direct,
TIERA_030,STR05_EDUCATION,1,TIERA_Q146,lexical-anchor,conflict,conflicting,report_uncertainty_unless_resolution_rule_applies
TIERA_030,STR05_EDUCATION,2,TIERA_Q147,semantic-paraphrase,answerable,direct,
TIERA_030,STR05_EDUCATION,3,TIERA_Q148,entity+attribute,answerable,direct,
TIERA_030,STR05_EDUCATION,4,TIERA_Q149,multi-hop,answerable,direct,
TIERA_030,STR05_EDUCATION,5,TIERA_Q150,distractor-heavy,answerable,direct,
TIERA_031,STR06_ENVIRONMENT,1,TIERA_Q151,lexical-anchor,conflict,conflicting,report_uncertainty_unless_resolution_rule_applies
TIERA_031,STR06_ENVIRONMENT,2,TIERA_Q152,semantic-paraphrase,answerable,direct,
TIERA_031,STR06_ENVIRONMENT,3,TIERA_Q153,entity+attribute,answerable,direct,
TIERA_031,STR06_ENVIRONMENT,4,TIERA_Q154,multi-hop,answerable,direct,
TIERA_031,STR06_ENVIRONMENT,5,TIERA_Q155,distractor-heavy,answerable,direct,
TIERA_032,STR06_ENVIRONMENT,1,TIERA_Q156,lexical-anchor,conflict,conflicting,report_uncertainty_unless_resolution_rule_applies
TIERA_032,STR06_ENVIRONMENT,2,TIERA_Q157,semantic-paraphrase,answerable,direct,
TIERA_032,STR06_ENVIRONMENT,3,TIERA_Q158,entity+attribute,answerable,direct,
TIERA_032,STR06_ENVIRONMENT,4,TIERA_Q159,multi-hop,answerable,direct,
TIERA_032,STR06_ENVIRONMENT,5,TIERA_Q160,distractor-heavy,answerable,direct,
TIERA_033,STR06_ENVIRONMENT,1,TIERA_Q161,lexical-anchor,answerable,direct,
TIERA_033,STR06_ENVIRONMENT,2,TIERA_Q162,semantic-paraphrase,answerable,direct,
TIERA_033,STR06_ENVIRONMENT,3,TIERA_Q163,entity+attribute,conflict,conflicting,report_uncertainty_unless_resolution_rule_applies
TIERA_033,STR06_ENVIRONMENT,4,TIERA_Q164,multi-hop,answerable,direct,
TIERA_033,STR06_ENVIRONMENT,5,TIERA_Q165,distractor-heavy,answerable,direct,
TIERA_034,STR06_ENVIRONMENT,1,TIERA_Q166,lexical-anchor,answerable,direct,
TIERA_034,STR06_ENVIRONMENT,2,TIERA_Q167,semantic-paraphrase,answerable,direct,
TIERA_034,STR06_ENVIRONMENT,3,TIERA_Q168,entity+attribute,conflict,conflicting,report_uncertainty_unless_resolution_rule_applies
TIERA_034,STR06_ENVIRONMENT,4,TIERA_Q169,multi-hop,answerable,direct,
TIERA_034,STR06_ENVIRONMENT,5,TIERA_Q170,distractor-heavy,answerable,direct,
TIERA_035,STR06_ENVIRONMENT,1,TIERA_Q171,lexical-anchor,answerable,direct,
TIERA_035,STR06_ENVIRONMENT,2,TIERA_Q172,semantic-paraphrase,answerable,direct,
TIERA_035,STR06_ENVIRONMENT,3,TIERA_Q173,entity+attribute,conflict,conflicting,report_uncertainty_unless_resolution_rule_applies
TIERA_035,STR06_ENVIRONMENT,4,TIERA_Q174,multi-hop,answerable,direct,
TIERA_035,STR06_ENVIRONMENT,5,TIERA_Q175,distractor-heavy,answerable,direct,
TIERA_036,STR06_ENVIRONMENT,1,TIERA_Q176,lexical-anchor,answerable,direct,
TIERA_036,STR06_ENVIRONMENT,2,TIERA_Q177,semantic-paraphrase,answerable,direct,
TIERA_036,STR06_ENVIRONMENT,3,TIERA_Q178,entity+attribute,conflict,conflicting,report_uncertainty_unless_resolution_rule_applies
TIERA_036,STR06_ENVIRONMENT,4,TIERA_Q179,multi-hop,answerable,direct,
TIERA_036,STR06_ENVIRONMENT,5,TIERA_Q180,distractor-heavy,answerable,direct,
TIERA_037,STR07_PUBLIC_POLICY,1,TIERA_Q181,lexical-anchor,answerable,direct,
TIERA_037,STR07_PUBLIC_POLICY,2,TIERA_Q182,semantic-paraphrase,answerable,direct,
TIERA_037,STR07_PUBLIC_POLICY,3,TIERA_Q183,entity+attribute,conflict,conflicting,report_uncertainty_unless_resolution_rule_applies
TIERA_037,STR07_PUBLIC_POLICY,4,TIERA_Q184,multi-hop,answerable,direct,
TIERA_037,STR07_PUBLIC_POLICY,5,TIERA_Q185,distractor-heavy,answerable,direct,
TIERA_038,STR07_PUBLIC_POLICY,1,TIERA_Q186,lexical-anchor,answerable,direct,
TIERA_038,STR07_PUBLIC_POLICY,2,TIERA_Q187,semantic-paraphrase,answerable,direct,
TIERA_038,STR07_PUBLIC_POLICY,3,TIERA_Q188,entity+attribute,conflict,conflicting,report_uncertainty_unless_resolution_rule_applies
TIERA_038,STR07_PUBLIC_POLICY,4,TIERA_Q189,multi-hop,answerable,direct,
TIERA_038,STR07_PUBLIC_POLICY,5,TIERA_Q190,distractor-heavy,answerable,direct,
TIERA_039,STR07_PUBLIC_POLICY,1,TIERA_Q191,lexical-anchor,answerable,direct,
TIERA_039,STR07_PUBLIC_POLICY,2,TIERA_Q192,semantic-paraphrase,answerable,direct,
TIERA_039,STR07_PUBLIC_POLICY,3,TIERA_Q193,entity+attribute,conflict,conflicting,report_uncertainty_unless_resolution_rule_applies
TIERA_039,STR07_PUBLIC_POLICY,4,TIERA_Q194,multi-hop,answerable,direct,
TIERA_039,STR07_PUBLIC_POLICY,5,TIERA_Q195,distractor-heavy,answerable,direct,
TIERA_040,STR07_PUBLIC_POLICY,1,TIERA_Q196,lexical-anchor,answerable,direct,
TIERA_040,STR07_PUBLIC_POLICY,2,TIERA_Q197,semantic-paraphrase,answerable,direct,
TIERA_040,STR07_PUBLIC_POLICY,3,TIERA_Q198,entity+attribute,conflict,conflicting,report_uncertainty_unless_resolution_rule_applies
TIERA_040,STR07_PUBLIC_POLICY,4,TIERA_Q199,multi-hop,answerable,direct,
TIERA_040,STR07_PUBLIC_POLICY,5,TIERA_Q200,distractor-heavy,answerable,direct,
TIERA_041,STR07_PUBLIC_POLICY,1,TIERA_Q201,lexical-anchor,answerable,direct,
TIERA_041,STR07_PUBLIC_POLICY,2,TIERA_Q202,semantic-paraphrase,answerable,direct,
TIERA_041,STR07_PUBLIC_POLICY,3,TIERA_Q203,entity+attribute,answerable,direct,
TIERA_041,STR07_PUBLIC_POLICY,4,TIERA_Q204,multi-hop,answerable,direct,
TIERA_041,STR07_PUBLIC_POLICY,5,TIERA_Q205,distractor-heavy,conflict,conflicting,report_uncertainty_unless_resolution_rule_applies
TIERA_042,STR07_PUBLIC_POLICY,1,TIERA_Q206,lexical-anchor,answerable,direct,
TIERA_042,STR07_PUBLIC_POLICY,2,TIERA_Q207,semantic-paraphrase,answerable,direct,
TIERA_042,STR07_PUBLIC_POLICY,3,TIERA_Q208,entity+attribute,answerable,direct,
TIERA_042,STR07_PUBLIC_POLICY,4,TIERA_Q209,multi-hop,answerable,direct,
TIERA_042,STR07_PUBLIC_POLICY,5,TIERA_Q210,distractor-heavy,conflict,conflicting,report_uncertainty_unless_resolution_rule_applies
TIERA_043,STR08_CONSUMER_OPERATIONS,1,TIERA_Q211,lexical-anchor,answerable,direct,
TIERA_043,STR08_CONSUMER_OPERATIONS,2,TIERA_Q212,semantic-paraphrase,answerable,direct,
TIERA_043,STR08_CONSUMER_OPERATIONS,3,TIERA_Q213,entity+attribute,answerable,direct,
TIERA_043,STR08_CONSUMER_OPERATIONS,4,TIERA_Q214,multi-hop,answerable,direct,
TIERA_043,STR08_CONSUMER_OPERATIONS,5,TIERA_Q215,distractor-heavy,conflict,conflicting,report_uncertainty_unless_resolution_rule_applies
TIERA_044,STR08_CONSUMER_OPERATIONS,1,TIERA_Q216,lexical-anchor,answerable,direct,
TIERA_044,STR08_CONSUMER_OPERATIONS,2,TIERA_Q217,semantic-paraphrase,answerable,direct,
TIERA_044,STR08_CONSUMER_OPERATIONS,3,TIERA_Q218,entity+attribute,answerable,direct,
TIERA_044,STR08_CONSUMER_OPERATIONS,4,TIERA_Q219,multi-hop,answerable,direct,
TIERA_044,STR08_CONSUMER_OPERATIONS,5,TIERA_Q220,distractor-heavy,conflict,conflicting,report_uncertainty_unless_resolution_rule_applies
TIERA_045,STR08_CONSUMER_OPERATIONS,1,TIERA_Q221,lexical-anchor,answerable,direct,
TIERA_045,STR08_CONSUMER_OPERATIONS,2,TIERA_Q222,semantic-paraphrase,answerable,direct,
TIERA_045,STR08_CONSUMER_OPERATIONS,3,TIERA_Q223,entity+attribute,answerable,direct,
TIERA_045,STR08_CONSUMER_OPERATIONS,4,TIERA_Q224,multi-hop,answerable,direct,
TIERA_045,STR08_CONSUMER_OPERATIONS,5,TIERA_Q225,distractor-heavy,conflict,conflicting,report_uncertainty_unless_resolution_rule_applies
TIERA_046,STR08_CONSUMER_OPERATIONS,1,TIERA_Q226,lexical-anchor,answerable,direct,
TIERA_046,STR08_CONSUMER_OPERATIONS,2,TIERA_Q227,semantic-paraphrase,answerable,direct,
TIERA_046,STR08_CONSUMER_OPERATIONS,3,TIERA_Q228,entity+attribute,answerable,direct,
TIERA_046,STR08_CONSUMER_OPERATIONS,4,TIERA_Q229,multi-hop,answerable,direct,
TIERA_046,STR08_CONSUMER_OPERATIONS,5,TIERA_Q230,distractor-heavy,conflict,conflicting,report_uncertainty_unless_resolution_rule_applies
TIERA_047,STR08_CONSUMER_OPERATIONS,1,TIERA_Q231,lexical-anchor,answerable,direct,
TIERA_047,STR08_CONSUMER_OPERATIONS,2,TIERA_Q232,semantic-paraphrase,answerable,direct,
TIERA_047,STR08_CONSUMER_OPERATIONS,3,TIERA_Q233,entity+attribute,answerable,direct,
TIERA_047,STR08_CONSUMER_OPERATIONS,4,TIERA_Q234,multi-hop,answerable,direct,
TIERA_047,STR08_CONSUMER_OPERATIONS,5,TIERA_Q235,distractor-heavy,conflict,conflicting,report_uncertainty_unless_resolution_rule_applies
TIERA_048,STR08_CONSUMER_OPERATIONS,1,TIERA_Q236,lexical-anchor,answerable,direct,
TIERA_048,STR08_CONSUMER_OPERATIONS,2,TIERA_Q237,semantic-paraphrase,answerable,direct,
TIERA_048,STR08_CONSUMER_OPERATIONS,3,TIERA_Q238,entity+attribute,answerable,direct,
TIERA_048,STR08_CONSUMER_OPERATIONS,4,TIERA_Q239,multi-hop,answerable,direct,
TIERA_048,STR08_CONSUMER_OPERATIONS,5,TIERA_Q240,distractor-heavy,conflict,conflicting,report_uncertainty_unless_resolution_rule_applies
