source_doc_id,domain_stratum,document_topic,source_unit_id,unit_role,planned_text,content_hash_sha256
TIERA_001,STR01,Release Pipeline,TIERA_001_U01,primary_fact_or_definition,,
TIERA_001,STR01,Release Pipeline,TIERA_001_U02,related_attribute,,
TIERA_001,STR01,Release Pipeline,TIERA_001_U03,entity_or_temporal_detail,,
TIERA_001,STR01,Release Pipeline,TIERA_001_U04,secondary_supporting_fact,,
TIERA_001,STR01,Release Pipeline,TIERA_001_U05,topical_distractor,,
TIERA_001,STR01,Release Pipeline,TIERA_001_U06,context_or_cross_reference,,
TIERA_002,STR01,API Gateway,TIERA_002_U01,primary_fact_or_definition,,
TIERA_002,STR01,API Gateway,TIERA_002_U02,related_attribute,,
TIERA_002,STR01,API Gateway,TIERA_002_U03,entity_or_temporal_detail,,
TIERA_002,STR01,API Gateway,TIERA_002_U04,secondary_supporting_fact,,
TIERA_002,STR01,API Gateway,TIERA_002_U05,topical_distractor,,
TIERA_002,STR01,API Gateway,TIERA_002_U06,context_or_cross_reference,,
TIERA_003,STR01,Storage Service,TIERA_003_U01,primary_fact_or_definition,,
TIERA_003,STR01,Storage Service,TIERA_003_U02,related_attribute,,
TIERA_003,STR01,Storage Service,TIERA_003_U03,entity_or_temporal_detail,,
TIERA_003,STR01,Storage Service,TIERA_003_U04,secondary_supporting_fact,,
TIERA_003,STR01,Storage Service,TIERA_003_U05,topical_distractor,,
TIERA_003,STR01,Storage Service,TIERA_003_U06,context_or_cross_reference,,
TIERA_004,STR01,Notification Platform,TIERA_004_U01,primary_fact_or_definition,,
TIERA_004,STR01,Notification Platform,TIERA_004_U02,related_attribute,,
TIERA_004,STR01,Notification Platform,TIERA_004_U03,entity_or_temporal_detail,,
TIERA_004,STR01,Notification Platform,TIERA_004_U04,secondary_supporting_fact,,
TIERA_004,STR01,Notification Platform,TIERA_004_U05,topical_distractor,,
TIERA_004,STR01,Notification Platform,TIERA_004_U06,context_or_cross_reference,,
TIERA_005,STR01,Monitoring Service,TIERA_005_U01,primary_fact_or_definition,,
TIERA_005,STR01,Monitoring Service,TIERA_005_U02,related_attribute,,
TIERA_005,STR01,Monitoring Service,TIERA_005_U03,entity_or_temporal_detail,,
TIERA_005,STR01,Monitoring Service,TIERA_005_U04,secondary_supporting_fact,,
TIERA_005,STR01,Monitoring Service,TIERA_005_U05,topical_distractor,,
TIERA_005,STR01,Monitoring Service,TIERA_005_U06,context_or_cross_reference,,
TIERA_006,STR01,Identity Platform,TIERA_006_U01,primary_fact_or_definition,,
TIERA_006,STR01,Identity Platform,TIERA_006_U02,related_attribute,,
TIERA_006,STR01,Identity Platform,TIERA_006_U03,entity_or_temporal_detail,,
TIERA_006,STR01,Identity Platform,TIERA_006_U04,secondary_supporting_fact,,
TIERA_006,STR01,Identity Platform,TIERA_006_U05,topical_distractor,,
TIERA_006,STR01,Identity Platform,TIERA_006_U06,context_or_cross_reference,,
TIERA_007,STR02,Community Clinic,TIERA_007_U01,primary_fact_or_definition,,
TIERA_007,STR02,Community Clinic,TIERA_007_U02,related_attribute,,
TIERA_007,STR02,Community Clinic,TIERA_007_U03,entity_or_temporal_detail,,
TIERA_007,STR02,Community Clinic,TIERA_007_U04,secondary_supporting_fact,,
TIERA_007,STR02,Community Clinic,TIERA_007_U05,topical_distractor,,
TIERA_007,STR02,Community Clinic,TIERA_007_U06,context_or_cross_reference,,
TIERA_008,STR02,Vaccination Center,TIERA_008_U01,primary_fact_or_definition,,
TIERA_008,STR02,Vaccination Center,TIERA_008_U02,related_attribute,,
TIERA_008,STR02,Vaccination Center,TIERA_008_U03,entity_or_temporal_detail,,
TIERA_008,STR02,Vaccination Center,TIERA_008_U04,secondary_supporting_fact,,
TIERA_008,STR02,Vaccination Center,TIERA_008_U05,topical_distractor,,
TIERA_008,STR02,Vaccination Center,TIERA_008_U06,context_or_cross_reference,,
TIERA_009,STR02,Diagnostic Lab,TIERA_009_U01,primary_fact_or_definition,,
TIERA_009,STR02,Diagnostic Lab,TIERA_009_U02,related_attribute,,
TIERA_009,STR02,Diagnostic Lab,TIERA_009_U03,entity_or_temporal_detail,,
TIERA_009,STR02,Diagnostic Lab,TIERA_009_U04,secondary_supporting_fact,,
TIERA_009,STR02,Diagnostic Lab,TIERA_009_U05,topical_distractor,,
TIERA_009,STR02,Diagnostic Lab,TIERA_009_U06,context_or_cross_reference,,
TIERA_010,STR02,Health Outreach Unit,TIERA_010_U01,primary_fact_or_definition,,
TIERA_010,STR02,Health Outreach Unit,TIERA_010_U02,related_attribute,,
TIERA_010,STR02,Health Outreach Unit,TIERA_010_U03,entity_or_temporal_detail,,
TIERA_010,STR02,Health Outreach Unit,TIERA_010_U04,secondary_supporting_fact,,
TIERA_010,STR02,Health Outreach Unit,TIERA_010_U05,topical_distractor,,
TIERA_010,STR02,Health Outreach Unit,TIERA_010_U06,context_or_cross_reference,,
TIERA_011,STR02,Rehabilitation Center,TIERA_011_U01,primary_fact_or_definition,,
TIERA_011,STR02,Rehabilitation Center,TIERA_011_U02,related_attribute,,
TIERA_011,STR02,Rehabilitation Center,TIERA_011_U03,entity_or_temporal_detail,,
TIERA_011,STR02,Rehabilitation Center,TIERA_011_U04,secondary_supporting_fact,,
TIERA_011,STR02,Rehabilitation Center,TIERA_011_U05,topical_distractor,,
TIERA_011,STR02,Rehabilitation Center,TIERA_011_U06,context_or_cross_reference,,
TIERA_012,STR02,Nutrition Program,TIERA_012_U01,primary_fact_or_definition,,
TIERA_012,STR02,Nutrition Program,TIERA_012_U02,related_attribute,,
TIERA_012,STR02,Nutrition Program,TIERA_012_U03,entity_or_temporal_detail,,
TIERA_012,STR02,Nutrition Program,TIERA_012_U04,secondary_supporting_fact,,
TIERA_012,STR02,Nutrition Program,TIERA_012_U05,topical_distractor,,
TIERA_012,STR02,Nutrition Program,TIERA_012_U06,context_or_cross_reference,,
TIERA_013,STR03,Savings Product,TIERA_013_U01,primary_fact_or_definition,,
TIERA_013,STR03,Savings Product,TIERA_013_U02,related_attribute,,
TIERA_013,STR03,Savings Product,TIERA_013_U03,entity_or_temporal_detail,,
TIERA_013,STR03,Savings Product,TIERA_013_U04,secondary_supporting_fact,,
TIERA_013,STR03,Savings Product,TIERA_013_U05,topical_distractor,,
TIERA_013,STR03,Savings Product,TIERA_013_U06,context_or_cross_reference,,
TIERA_014,STR03,Card Service,TIERA_014_U01,primary_fact_or_definition,,
TIERA_014,STR03,Card Service,TIERA_014_U02,related_attribute,,
TIERA_014,STR03,Card Service,TIERA_014_U03,entity_or_temporal_detail,,
TIERA_014,STR03,Card Service,TIERA_014_U04,secondary_supporting_fact,,
TIERA_014,STR03,Card Service,TIERA_014_U05,topical_distractor,,
TIERA_014,STR03,Card Service,TIERA_014_U06,context_or_cross_reference,,
TIERA_015,STR03,Remittance Service,TIERA_015_U01,primary_fact_or_definition,,
TIERA_015,STR03,Remittance Service,TIERA_015_U02,related_attribute,,
TIERA_015,STR03,Remittance Service,TIERA_015_U03,entity_or_temporal_detail,,
TIERA_015,STR03,Remittance Service,TIERA_015_U04,secondary_supporting_fact,,
TIERA_015,STR03,Remittance Service,TIERA_015_U05,topical_distractor,,
TIERA_015,STR03,Remittance Service,TIERA_015_U06,context_or_cross_reference,,
TIERA_016,STR03,Invoice Platform,TIERA_016_U01,primary_fact_or_definition,,
TIERA_016,STR03,Invoice Platform,TIERA_016_U02,related_attribute,,
TIERA_016,STR03,Invoice Platform,TIERA_016_U03,entity_or_temporal_detail,,
TIERA_016,STR03,Invoice Platform,TIERA_016_U04,secondary_supporting_fact,,
TIERA_016,STR03,Invoice Platform,TIERA_016_U05,topical_distractor,,
TIERA_016,STR03,Invoice Platform,TIERA_016_U06,context_or_cross_reference,,
TIERA_017,STR03,Budget Program,TIERA_017_U01,primary_fact_or_definition,,
TIERA_017,STR03,Budget Program,TIERA_017_U02,related_attribute,,
TIERA_017,STR03,Budget Program,TIERA_017_U03,entity_or_temporal_detail,,
TIERA_017,STR03,Budget Program,TIERA_017_U04,secondary_supporting_fact,,
TIERA_017,STR03,Budget Program,TIERA_017_U05,topical_distractor,,
TIERA_017,STR03,Budget Program,TIERA_017_U06,context_or_cross_reference,,
TIERA_018,STR03,Credit Education,TIERA_018_U01,primary_fact_or_definition,,
TIERA_018,STR03,Credit Education,TIERA_018_U02,related_attribute,,
TIERA_018,STR03,Credit Education,TIERA_018_U03,entity_or_temporal_detail,,
TIERA_018,STR03,Credit Education,TIERA_018_U04,secondary_supporting_fact,,
TIERA_018,STR03,Credit Education,TIERA_018_U05,topical_distractor,,
TIERA_018,STR03,Credit Education,TIERA_018_U06,context_or_cross_reference,,
TIERA_019,STR04,Metro Line,TIERA_019_U01,primary_fact_or_definition,,
TIERA_019,STR04,Metro Line,TIERA_019_U02,related_attribute,,
TIERA_019,STR04,Metro Line,TIERA_019_U03,entity_or_temporal_detail,,
TIERA_019,STR04,Metro Line,TIERA_019_U04,secondary_supporting_fact,,
TIERA_019,STR04,Metro Line,TIERA_019_U05,topical_distractor,,
TIERA_019,STR04,Metro Line,TIERA_019_U06,context_or_cross_reference,,
TIERA_020,STR04,Bus Network,TIERA_020_U01,primary_fact_or_definition,,
TIERA_020,STR04,Bus Network,TIERA_020_U02,related_attribute,,
TIERA_020,STR04,Bus Network,TIERA_020_U03,entity_or_temporal_detail,,
TIERA_020,STR04,Bus Network,TIERA_020_U04,secondary_supporting_fact,,
TIERA_020,STR04,Bus Network,TIERA_020_U05,topical_distractor,,
TIERA_020,STR04,Bus Network,TIERA_020_U06,context_or_cross_reference,,
TIERA_021,STR04,Freight Terminal,TIERA_021_U01,primary_fact_or_definition,,
TIERA_021,STR04,Freight Terminal,TIERA_021_U02,related_attribute,,
TIERA_021,STR04,Freight Terminal,TIERA_021_U03,entity_or_temporal_detail,,
TIERA_021,STR04,Freight Terminal,TIERA_021_U04,secondary_supporting_fact,,
TIERA_021,STR04,Freight Terminal,TIERA_021_U05,topical_distractor,,
TIERA_021,STR04,Freight Terminal,TIERA_021_U06,context_or_cross_reference,,
TIERA_022,STR04,Parcel Hub,TIERA_022_U01,primary_fact_or_definition,,
TIERA_022,STR04,Parcel Hub,TIERA_022_U02,related_attribute,,
TIERA_022,STR04,Parcel Hub,TIERA_022_U03,entity_or_temporal_detail,,
TIERA_022,STR04,Parcel Hub,TIERA_022_U04,secondary_supporting_fact,,
TIERA_022,STR04,Parcel Hub,TIERA_022_U05,topical_distractor,,
TIERA_022,STR04,Parcel Hub,TIERA_022_U06,context_or_cross_reference,,
TIERA_023,STR04,Bike Share,TIERA_023_U01,primary_fact_or_definition,,
TIERA_023,STR04,Bike Share,TIERA_023_U02,related_attribute,,
TIERA_023,STR04,Bike Share,TIERA_023_U03,entity_or_temporal_detail,,
TIERA_023,STR04,Bike Share,TIERA_023_U04,secondary_supporting_fact,,
TIERA_023,STR04,Bike Share,TIERA_023_U05,topical_distractor,,
TIERA_023,STR04,Bike Share,TIERA_023_U06,context_or_cross_reference,,
TIERA_024,STR04,Ferry Service,TIERA_024_U01,primary_fact_or_definition,,
TIERA_024,STR04,Ferry Service,TIERA_024_U02,related_attribute,,
TIERA_024,STR04,Ferry Service,TIERA_024_U03,entity_or_temporal_detail,,
TIERA_024,STR04,Ferry Service,TIERA_024_U04,secondary_supporting_fact,,
TIERA_024,STR04,Ferry Service,TIERA_024_U05,topical_distractor,,
TIERA_024,STR04,Ferry Service,TIERA_024_U06,context_or_cross_reference,,
TIERA_025,STR05,Training Center,TIERA_025_U01,primary_fact_or_definition,,
TIERA_025,STR05,Training Center,TIERA_025_U02,related_attribute,,
TIERA_025,STR05,Training Center,TIERA_025_U03,entity_or_temporal_detail,,
TIERA_025,STR05,Training Center,TIERA_025_U04,secondary_supporting_fact,,
TIERA_025,STR05,Training Center,TIERA_025_U05,topical_distractor,,
TIERA_025,STR05,Training Center,TIERA_025_U06,context_or_cross_reference,,
TIERA_026,STR05,University Course,TIERA_026_U01,primary_fact_or_definition,,
TIERA_026,STR05,University Course,TIERA_026_U02,related_attribute,,
TIERA_026,STR05,University Course,TIERA_026_U03,entity_or_temporal_detail,,
TIERA_026,STR05,University Course,TIERA_026_U04,secondary_supporting_fact,,
TIERA_026,STR05,University Course,TIERA_026_U05,topical_distractor,,
TIERA_026,STR05,University Course,TIERA_026_U06,context_or_cross_reference,,
TIERA_027,STR05,Language Program,TIERA_027_U01,primary_fact_or_definition,,
TIERA_027,STR05,Language Program,TIERA_027_U02,related_attribute,,
TIERA_027,STR05,Language Program,TIERA_027_U03,entity_or_temporal_detail,,
TIERA_027,STR05,Language Program,TIERA_027_U04,secondary_supporting_fact,,
TIERA_027,STR05,Language Program,TIERA_027_U05,topical_distractor,,
TIERA_027,STR05,Language Program,TIERA_027_U06,context_or_cross_reference,,
TIERA_028,STR05,Certification Program,TIERA_028_U01,primary_fact_or_definition,,
TIERA_028,STR05,Certification Program,TIERA_028_U02,related_attribute,,
TIERA_028,STR05,Certification Program,TIERA_028_U03,entity_or_temporal_detail,,
TIERA_028,STR05,Certification Program,TIERA_028_U04,secondary_supporting_fact,,
TIERA_028,STR05,Certification Program,TIERA_028_U05,topical_distractor,,
TIERA_028,STR05,Certification Program,TIERA_028_U06,context_or_cross_reference,,
TIERA_029,STR05,Online Workshop,TIERA_029_U01,primary_fact_or_definition,,
TIERA_029,STR05,Online Workshop,TIERA_029_U02,related_attribute,,
TIERA_029,STR05,Online Workshop,TIERA_029_U03,entity_or_temporal_detail,,
TIERA_029,STR05,Online Workshop,TIERA_029_U04,secondary_supporting_fact,,
TIERA_029,STR05,Online Workshop,TIERA_029_U05,topical_distractor,,
TIERA_029,STR05,Online Workshop,TIERA_029_U06,context_or_cross_reference,,
TIERA_030,STR05,Library Program,TIERA_030_U01,primary_fact_or_definition,,
TIERA_030,STR05,Library Program,TIERA_030_U02,related_attribute,,
TIERA_030,STR05,Library Program,TIERA_030_U03,entity_or_temporal_detail,,
TIERA_030,STR05,Library Program,TIERA_030_U04,secondary_supporting_fact,,
TIERA_030,STR05,Library Program,TIERA_030_U05,topical_distractor,,
TIERA_030,STR05,Library Program,TIERA_030_U06,context_or_cross_reference,,
TIERA_031,STR06,Water Facility,TIERA_031_U01,primary_fact_or_definition,,
TIERA_031,STR06,Water Facility,TIERA_031_U02,related_attribute,,
TIERA_031,STR06,Water Facility,TIERA_031_U03,entity_or_temporal_detail,,
TIERA_031,STR06,Water Facility,TIERA_031_U04,secondary_supporting_fact,,
TIERA_031,STR06,Water Facility,TIERA_031_U05,topical_distractor,,
TIERA_031,STR06,Water Facility,TIERA_031_U06,context_or_cross_reference,,
TIERA_032,STR06,Solar Site,TIERA_032_U01,primary_fact_or_definition,,
TIERA_032,STR06,Solar Site,TIERA_032_U02,related_attribute,,
TIERA_032,STR06,Solar Site,TIERA_032_U03,entity_or_temporal_detail,,
TIERA_032,STR06,Solar Site,TIERA_032_U04,secondary_supporting_fact,,
TIERA_032,STR06,Solar Site,TIERA_032_U05,topical_distractor,,
TIERA_032,STR06,Solar Site,TIERA_032_U06,context_or_cross_reference,,
TIERA_033,STR06,Recycling Center,TIERA_033_U01,primary_fact_or_definition,,
TIERA_033,STR06,Recycling Center,TIERA_033_U02,related_attribute,,
TIERA_033,STR06,Recycling Center,TIERA_033_U03,entity_or_temporal_detail,,
TIERA_033,STR06,Recycling Center,TIERA_033_U04,secondary_supporting_fact,,
TIERA_033,STR06,Recycling Center,TIERA_033_U05,topical_distractor,,
TIERA_033,STR06,Recycling Center,TIERA_033_U06,context_or_cross_reference,,
TIERA_034,STR06,Flood Control Site,TIERA_034_U01,primary_fact_or_definition,,
TIERA_034,STR06,Flood Control Site,TIERA_034_U02,related_attribute,,
TIERA_034,STR06,Flood Control Site,TIERA_034_U03,entity_or_temporal_detail,,
TIERA_034,STR06,Flood Control Site,TIERA_034_U04,secondary_supporting_fact,,
TIERA_034,STR06,Flood Control Site,TIERA_034_U05,topical_distractor,,
TIERA_034,STR06,Flood Control Site,TIERA_034_U06,context_or_cross_reference,,
TIERA_035,STR06,Air Monitoring Station,TIERA_035_U01,primary_fact_or_definition,,
TIERA_035,STR06,Air Monitoring Station,TIERA_035_U02,related_attribute,,
TIERA_035,STR06,Air Monitoring Station,TIERA_035_U03,entity_or_temporal_detail,,
TIERA_035,STR06,Air Monitoring Station,TIERA_035_U04,secondary_supporting_fact,,
TIERA_035,STR06,Air Monitoring Station,TIERA_035_U05,topical_distractor,,
TIERA_035,STR06,Air Monitoring Station,TIERA_035_U06,context_or_cross_reference,,
TIERA_036,STR06,District Energy Plant,TIERA_036_U01,primary_fact_or_definition,,
TIERA_036,STR06,District Energy Plant,TIERA_036_U02,related_attribute,,
TIERA_036,STR06,District Energy Plant,TIERA_036_U03,entity_or_temporal_detail,,
TIERA_036,STR06,District Energy Plant,TIERA_036_U04,secondary_supporting_fact,,
TIERA_036,STR06,District Energy Plant,TIERA_036_U05,topical_distractor,,
TIERA_036,STR06,District Energy Plant,TIERA_036_U06,context_or_cross_reference,,
TIERA_037,STR07,Permit Office,TIERA_037_U01,primary_fact_or_definition,,
TIERA_037,STR07,Permit Office,TIERA_037_U02,related_attribute,,
TIERA_037,STR07,Permit Office,TIERA_037_U03,entity_or_temporal_detail,,
TIERA_037,STR07,Permit Office,TIERA_037_U04,secondary_supporting_fact,,
TIERA_037,STR07,Permit Office,TIERA_037_U05,topical_distractor,,
TIERA_037,STR07,Permit Office,TIERA_037_U06,context_or_cross_reference,,
TIERA_038,STR07,Civic Service Desk,TIERA_038_U01,primary_fact_or_definition,,
TIERA_038,STR07,Civic Service Desk,TIERA_038_U02,related_attribute,,
TIERA_038,STR07,Civic Service Desk,TIERA_038_U03,entity_or_temporal_detail,,
TIERA_038,STR07,Civic Service Desk,TIERA_038_U04,secondary_supporting_fact,,
TIERA_038,STR07,Civic Service Desk,TIERA_038_U05,topical_distractor,,
TIERA_038,STR07,Civic Service Desk,TIERA_038_U06,context_or_cross_reference,,
TIERA_039,STR07,Grant Program,TIERA_039_U01,primary_fact_or_definition,,
TIERA_039,STR07,Grant Program,TIERA_039_U02,related_attribute,,
TIERA_039,STR07,Grant Program,TIERA_039_U03,entity_or_temporal_detail,,
TIERA_039,STR07,Grant Program,TIERA_039_U04,secondary_supporting_fact,,
TIERA_039,STR07,Grant Program,TIERA_039_U05,topical_distractor,,
TIERA_039,STR07,Grant Program,TIERA_039_U06,context_or_cross_reference,,
TIERA_040,STR07,Housing Support,TIERA_040_U01,primary_fact_or_definition,,
TIERA_040,STR07,Housing Support,TIERA_040_U02,related_attribute,,
TIERA_040,STR07,Housing Support,TIERA_040_U03,entity_or_temporal_detail,,
TIERA_040,STR07,Housing Support,TIERA_040_U04,secondary_supporting_fact,,
TIERA_040,STR07,Housing Support,TIERA_040_U05,topical_distractor,,
TIERA_040,STR07,Housing Support,TIERA_040_U06,context_or_cross_reference,,
TIERA_041,STR07,Public Records Unit,TIERA_041_U01,primary_fact_or_definition,,
TIERA_041,STR07,Public Records Unit,TIERA_041_U02,related_attribute,,
TIERA_041,STR07,Public Records Unit,TIERA_041_U03,entity_or_temporal_detail,,
TIERA_041,STR07,Public Records Unit,TIERA_041_U04,secondary_supporting_fact,,
TIERA_041,STR07,Public Records Unit,TIERA_041_U05,topical_distractor,,
TIERA_041,STR07,Public Records Unit,TIERA_041_U06,context_or_cross_reference,,
TIERA_042,STR07,Community Advisory Board,TIERA_042_U01,primary_fact_or_definition,,
TIERA_042,STR07,Community Advisory Board,TIERA_042_U02,related_attribute,,
TIERA_042,STR07,Community Advisory Board,TIERA_042_U03,entity_or_temporal_detail,,
TIERA_042,STR07,Community Advisory Board,TIERA_042_U04,secondary_supporting_fact,,
TIERA_042,STR07,Community Advisory Board,TIERA_042_U05,topical_distractor,,
TIERA_042,STR07,Community Advisory Board,TIERA_042_U06,context_or_cross_reference,,
TIERA_043,STR08,Retail Service,TIERA_043_U01,primary_fact_or_definition,,
TIERA_043,STR08,Retail Service,TIERA_043_U02,related_attribute,,
TIERA_043,STR08,Retail Service,TIERA_043_U03,entity_or_temporal_detail,,
TIERA_043,STR08,Retail Service,TIERA_043_U04,secondary_supporting_fact,,
TIERA_043,STR08,Retail Service,TIERA_043_U05,topical_distractor,,
TIERA_043,STR08,Retail Service,TIERA_043_U06,context_or_cross_reference,,
TIERA_044,STR08,Home Maintenance,TIERA_044_U01,primary_fact_or_definition,,
TIERA_044,STR08,Home Maintenance,TIERA_044_U02,related_attribute,,
TIERA_044,STR08,Home Maintenance,TIERA_044_U03,entity_or_temporal_detail,,
TIERA_044,STR08,Home Maintenance,TIERA_044_U04,secondary_supporting_fact,,
TIERA_044,STR08,Home Maintenance,TIERA_044_U05,topical_distractor,,
TIERA_044,STR08,Home Maintenance,TIERA_044_U06,context_or_cross_reference,,
TIERA_045,STR08,Travel Pass,TIERA_045_U01,primary_fact_or_definition,,
TIERA_045,STR08,Travel Pass,TIERA_045_U02,related_attribute,,
TIERA_045,STR08,Travel Pass,TIERA_045_U03,entity_or_temporal_detail,,
TIERA_045,STR08,Travel Pass,TIERA_045_U04,secondary_supporting_fact,,
TIERA_045,STR08,Travel Pass,TIERA_045_U05,topical_distractor,,
TIERA_045,STR08,Travel Pass,TIERA_045_U06,context_or_cross_reference,,
TIERA_046,STR08,Event Venue,TIERA_046_U01,primary_fact_or_definition,,
TIERA_046,STR08,Event Venue,TIERA_046_U02,related_attribute,,
TIERA_046,STR08,Event Venue,TIERA_046_U03,entity_or_temporal_detail,,
TIERA_046,STR08,Event Venue,TIERA_046_U04,secondary_supporting_fact,,
TIERA_046,STR08,Event Venue,TIERA_046_U05,topical_distractor,,
TIERA_046,STR08,Event Venue,TIERA_046_U06,context_or_cross_reference,,
TIERA_047,STR08,Delivery Subscription,TIERA_047_U01,primary_fact_or_definition,,
TIERA_047,STR08,Delivery Subscription,TIERA_047_U02,related_attribute,,
TIERA_047,STR08,Delivery Subscription,TIERA_047_U03,entity_or_temporal_detail,,
TIERA_047,STR08,Delivery Subscription,TIERA_047_U04,secondary_supporting_fact,,
TIERA_047,STR08,Delivery Subscription,TIERA_047_U05,topical_distractor,,
TIERA_047,STR08,Delivery Subscription,TIERA_047_U06,context_or_cross_reference,,
TIERA_048,STR08,Meal Service,TIERA_048_U01,primary_fact_or_definition,,
TIERA_048,STR08,Meal Service,TIERA_048_U02,related_attribute,,
TIERA_048,STR08,Meal Service,TIERA_048_U03,entity_or_temporal_detail,,
TIERA_048,STR08,Meal Service,TIERA_048_U04,secondary_supporting_fact,,
TIERA_048,STR08,Meal Service,TIERA_048_U05,topical_distractor,,
TIERA_048,STR08,Meal Service,TIERA_048_U06,context_or_cross_reference,,
