source_doc_id,domain_stratum,domain,document_topic,document_focus,document_version,source_type,source_reference,license,retrieval_unit_count,canonical_query_count,multi_hop_capable,conflict_capable,unanswerable_capable
TIERA_001,STR01,Technology / software systems,Release Pipeline,software delivery workflow,v1,synthetic,Aqlyra internally authored controlled benchmark content,CC0-equivalent internal test content,6,5,yes,yes,yes
TIERA_002,STR01,Technology / software systems,API Gateway,service routing and limits,v1,synthetic,Aqlyra internally authored controlled benchmark content,CC0-equivalent internal test content,6,5,yes,yes,yes
TIERA_003,STR01,Technology / software systems,Storage Service,object retention and backup policy,v1,synthetic,Aqlyra internally authored controlled benchmark content,CC0-equivalent internal test content,6,5,yes,yes,yes
TIERA_004,STR01,Technology / software systems,Notification Platform,delivery timing and retry rules,v1,synthetic,Aqlyra internally authored controlled benchmark content,CC0-equivalent internal test content,6,5,yes,yes,yes
TIERA_005,STR01,Technology / software systems,Monitoring Service,alert thresholds and escalation,v1,synthetic,Aqlyra internally authored controlled benchmark content,CC0-equivalent internal test content,6,5,yes,yes,yes
TIERA_006,STR01,Technology / software systems,Identity Platform,authentication methods and session policy,v1,synthetic,Aqlyra internally authored controlled benchmark content,CC0-equivalent internal test content,6,5,yes,yes,yes
TIERA_007,STR02,Healthcare / public health,Community Clinic,appointment and walk-in operations,v1,synthetic,Aqlyra internally authored controlled benchmark content,CC0-equivalent internal test content,6,5,yes,yes,yes
TIERA_008,STR02,Healthcare / public health,Vaccination Center,booking windows and eligibility,v1,synthetic,Aqlyra internally authored controlled benchmark content,CC0-equivalent internal test content,6,5,yes,yes,yes
TIERA_009,STR02,Healthcare / public health,Diagnostic Lab,sample handling and result timing,v1,synthetic,Aqlyra internally authored controlled benchmark content,CC0-equivalent internal test content,6,5,yes,yes,yes
TIERA_010,STR02,Healthcare / public health,Health Outreach Unit,campaign schedule and audience,v1,synthetic,Aqlyra internally authored controlled benchmark content,CC0-equivalent internal test content,6,5,yes,yes,yes
TIERA_011,STR02,Healthcare / public health,Rehabilitation Center,session rules and equipment access,v1,synthetic,Aqlyra internally authored controlled benchmark content,CC0-equivalent internal test content,6,5,yes,yes,yes
TIERA_012,STR02,Healthcare / public health,Nutrition Program,meal plans and participation rules,v1,synthetic,Aqlyra internally authored controlled benchmark content,CC0-equivalent internal test content,6,5,yes,yes,yes
TIERA_013,STR03,Finance / consumer finance,Savings Product,interest and account conditions,v1,synthetic,Aqlyra internally authored controlled benchmark content,CC0-equivalent internal test content,6,5,yes,yes,yes
TIERA_014,STR03,Finance / consumer finance,Card Service,limits and dispute timing,v1,synthetic,Aqlyra internally authored controlled benchmark content,CC0-equivalent internal test content,6,5,yes,yes,yes
TIERA_015,STR03,Finance / consumer finance,Remittance Service,"fees, corridors, and processing time",v1,synthetic,Aqlyra internally authored controlled benchmark content,CC0-equivalent internal test content,6,5,yes,yes,yes
TIERA_016,STR03,Finance / consumer finance,Invoice Platform,payment windows and late handling,v1,synthetic,Aqlyra internally authored controlled benchmark content,CC0-equivalent internal test content,6,5,yes,yes,yes
TIERA_017,STR03,Finance / consumer finance,Budget Program,allocation rules and thresholds,v1,synthetic,Aqlyra internally authored controlled benchmark content,CC0-equivalent internal test content,6,5,yes,yes,yes
TIERA_018,STR03,Finance / consumer finance,Credit Education,eligibility and learning milestones,v1,synthetic,Aqlyra internally authored controlled benchmark content,CC0-equivalent internal test content,6,5,yes,yes,yes
TIERA_019,STR04,Transportation / logistics,Metro Line,travel times and station sequence,v1,synthetic,Aqlyra internally authored controlled benchmark content,CC0-equivalent internal test content,6,5,yes,yes,yes
TIERA_020,STR04,Transportation / logistics,Bus Network,route timing and service frequency,v1,synthetic,Aqlyra internally authored controlled benchmark content,CC0-equivalent internal test content,6,5,yes,yes,yes
TIERA_021,STR04,Transportation / logistics,Freight Terminal,cutoff times and loading rules,v1,synthetic,Aqlyra internally authored controlled benchmark content,CC0-equivalent internal test content,6,5,yes,yes,yes
TIERA_022,STR04,Transportation / logistics,Parcel Hub,sorting windows and dispatch rules,v1,synthetic,Aqlyra internally authored controlled benchmark content,CC0-equivalent internal test content,6,5,yes,yes,yes
TIERA_023,STR04,Transportation / logistics,Bike Share,station capacity and usage rules,v1,synthetic,Aqlyra internally authored controlled benchmark content,CC0-equivalent internal test content,6,5,yes,yes,yes
TIERA_024,STR04,Transportation / logistics,Ferry Service,sailing schedule and boarding rules,v1,synthetic,Aqlyra internally authored controlled benchmark content,CC0-equivalent internal test content,6,5,yes,yes,yes
TIERA_025,STR05,Education / training,Training Center,course schedule and attendance,v1,synthetic,Aqlyra internally authored controlled benchmark content,CC0-equivalent internal test content,6,5,yes,yes,yes
TIERA_026,STR05,Education / training,University Course,assessment and submission rules,v1,synthetic,Aqlyra internally authored controlled benchmark content,CC0-equivalent internal test content,6,5,yes,yes,yes
TIERA_027,STR05,Education / training,Language Program,level progression and placement,v1,synthetic,Aqlyra internally authored controlled benchmark content,CC0-equivalent internal test content,6,5,yes,yes,yes
TIERA_028,STR05,Education / training,Certification Program,exam windows and prerequisites,v1,synthetic,Aqlyra internally authored controlled benchmark content,CC0-equivalent internal test content,6,5,yes,yes,yes
TIERA_029,STR05,Education / training,Online Workshop,module sequence and completion,v1,synthetic,Aqlyra internally authored controlled benchmark content,CC0-equivalent internal test content,6,5,yes,yes,yes
TIERA_030,STR05,Education / training,Library Program,study-room and workshop operations,v1,synthetic,Aqlyra internally authored controlled benchmark content,CC0-equivalent internal test content,6,5,yes,yes,yes
TIERA_031,STR06,Environment / infrastructure,Water Facility,inspection and maintenance schedule,v1,synthetic,Aqlyra internally authored controlled benchmark content,CC0-equivalent internal test content,6,5,yes,yes,yes
TIERA_032,STR06,Environment / infrastructure,Solar Site,production monitoring and maintenance,v1,synthetic,Aqlyra internally authored controlled benchmark content,CC0-equivalent internal test content,6,5,yes,yes,yes
TIERA_033,STR06,Environment / infrastructure,Recycling Center,accepted materials and opening hours,v1,synthetic,Aqlyra internally authored controlled benchmark content,CC0-equivalent internal test content,6,5,yes,yes,yes
TIERA_034,STR06,Environment / infrastructure,Flood Control Site,inspection triggers and response stages,v1,synthetic,Aqlyra internally authored controlled benchmark content,CC0-equivalent internal test content,6,5,yes,yes,yes
TIERA_035,STR06,Environment / infrastructure,Air Monitoring Station,thresholds and reporting intervals,v1,synthetic,Aqlyra internally authored controlled benchmark content,CC0-equivalent internal test content,6,5,yes,yes,yes
TIERA_036,STR06,Environment / infrastructure,District Energy Plant,operating windows and service priority,v1,synthetic,Aqlyra internally authored controlled benchmark content,CC0-equivalent internal test content,6,5,yes,yes,yes
TIERA_037,STR07,Public policy / administration,Permit Office,submission requirements and processing,v1,synthetic,Aqlyra internally authored controlled benchmark content,CC0-equivalent internal test content,6,5,yes,yes,yes
TIERA_038,STR07,Public policy / administration,Civic Service Desk,counter hours and identity checks,v1,synthetic,Aqlyra internally authored controlled benchmark content,CC0-equivalent internal test content,6,5,yes,yes,yes
TIERA_039,STR07,Public policy / administration,Grant Program,eligibility and application windows,v1,synthetic,Aqlyra internally authored controlled benchmark content,CC0-equivalent internal test content,6,5,yes,yes,yes
TIERA_040,STR07,Public policy / administration,Housing Support,priority rules and review timing,v1,synthetic,Aqlyra internally authored controlled benchmark content,CC0-equivalent internal test content,6,5,yes,yes,yes
TIERA_041,STR07,Public policy / administration,Public Records Unit,request process and response limits,v1,synthetic,Aqlyra internally authored controlled benchmark content,CC0-equivalent internal test content,6,5,yes,yes,yes
TIERA_042,STR07,Public policy / administration,Community Advisory Board,meeting cycle and decision rules,v1,synthetic,Aqlyra internally authored controlled benchmark content,CC0-equivalent internal test content,6,5,yes,yes,yes
TIERA_043,STR08,Consumer / operational information,Retail Service,return and exchange policy,v1,synthetic,Aqlyra internally authored controlled benchmark content,CC0-equivalent internal test content,6,5,yes,yes,yes
TIERA_044,STR08,Consumer / operational information,Home Maintenance,service windows and warranty rules,v1,synthetic,Aqlyra internally authored controlled benchmark content,CC0-equivalent internal test content,6,5,yes,yes,yes
TIERA_045,STR08,Consumer / operational information,Travel Pass,validity and transfer conditions,v1,synthetic,Aqlyra internally authored controlled benchmark content,CC0-equivalent internal test content,6,5,yes,yes,yes
TIERA_046,STR08,Consumer / operational information,Event Venue,"entry, registration, and timing",v1,synthetic,Aqlyra internally authored controlled benchmark content,CC0-equivalent internal test content,6,5,yes,yes,yes
TIERA_047,STR08,Consumer / operational information,Delivery Subscription,dispatch and pause rules,v1,synthetic,Aqlyra internally authored controlled benchmark content,CC0-equivalent internal test content,6,5,yes,yes,yes
TIERA_048,STR08,Consumer / operational information,Meal Service,order windows and cancellation rules,v1,synthetic,Aqlyra internally authored controlled benchmark content,CC0-equivalent internal test content,6,5,yes,yes,yes
