dataset_id,query_id,primary_source_doc_id,question,question_type,answerability,gold_answer,scope_id,conflict_group_id,resolution_rule,gold_evidence_count,distractor_unit_ids,distractor_unit_count,lexical_overlap_bucket,requires_multi_hop,review_status,annotation_notes
controlled_tier_a_v0.3.2,TIERA_Q001,TIERA_001,What is the standard daily capacity of Cedar Release Pipeline?,lexical-anchor,answerable,663,scope_demo,,,1,TIERA_001_U02;TIERA_001_U04,2,high,false,draft,Capacity question; review lexical overlap and conflict validity.
controlled_tier_a_v0.3.2,TIERA_Q002,TIERA_001,What is the cancellation deadline for Cedar Release Pipeline?,semantic-paraphrase,unanswerable,,scope_demo,,,0,TIERA_001_U02;TIERA_001_U05;TIERA_001_U06,3,low,false,draft,Routine-timing query; unanswerable subset deliberately omits cancellation information.
controlled_tier_a_v0.3.2,TIERA_Q003,TIERA_001,Which routine system checks window is listed for Cedar Release Pipeline?,entity+attribute,answerable,08:30-10:30,scope_demo,,,1,TIERA_001_U01;TIERA_001_U05,2,moderate,false,draft,Attribute query; conflict cases use contradictory scheduling evidence.
controlled_tier_a_v0.3.2,TIERA_Q004,TIERA_001,"When the standard daily capacity and the reserve capacity are both available, what total daily capacity does Cedar Release Pipeline provide?",multi-hop,answerable,762,scope_demo,,,2,TIERA_001_U02;TIERA_001_U05,2,moderate,true,draft,Requires combining U01 standard capacity with U04 reserve capacity.
controlled_tier_a_v0.3.2,TIERA_Q005,TIERA_001,During what hours is technical support available for Cedar Release Pipeline?,distractor-heavy,answerable,10:00-12:00,scope_demo,,,1,TIERA_001_U02;TIERA_001_U06,2,moderate,false,draft,Support query; conflict cases use contradictory support-window evidence.
controlled_tier_a_v0.3.2,TIERA_Q006,TIERA_002,How many requests can Maple API Gateway handle in a normal day?,lexical-anchor,answerable,686,scope_demo,,,1,TIERA_002_U02;TIERA_002_U04,2,high,false,draft,Capacity question; review lexical overlap and conflict validity.
controlled_tier_a_v0.3.2,TIERA_Q007,TIERA_002,What is the cancellation deadline for Maple API Gateway?,semantic-paraphrase,unanswerable,,scope_demo,,,0,TIERA_002_U02;TIERA_002_U05;TIERA_002_U06,3,low,false,draft,Routine-timing query; unanswerable subset deliberately omits cancellation information.
controlled_tier_a_v0.3.2,TIERA_Q008,TIERA_002,What hours are specified for routine system checks at Maple API Gateway?,entity+attribute,answerable,09:00-11:00,scope_demo,,,1,TIERA_002_U01;TIERA_002_U05,2,moderate,false,draft,Attribute query; conflict cases use contradictory scheduling evidence.
controlled_tier_a_v0.3.2,TIERA_Q009,TIERA_002,What is the combined daily capacity when the normal capacity and peak-demand reserve are counted together for Maple API Gateway?,multi-hop,answerable,794,scope_demo,,,2,TIERA_002_U02;TIERA_002_U05,2,moderate,true,draft,Requires combining U01 standard capacity with U04 reserve capacity.
controlled_tier_a_v0.3.2,TIERA_Q010,TIERA_002,What is the listed support window for Maple API Gateway?,distractor-heavy,answerable,11:00-13:00,scope_demo,,,1,TIERA_002_U02;TIERA_002_U06,2,moderate,false,draft,Support query; conflict cases use contradictory support-window evidence.
controlled_tier_a_v0.3.2,TIERA_Q011,TIERA_003,"Under ordinary operating conditions, what daily volume is Harbor Storage Service designed to handle?",lexical-anchor,answerable,709,scope_demo,,,1,TIERA_003_U02;TIERA_003_U04,2,high,false,draft,Capacity question; review lexical overlap and conflict validity.
controlled_tier_a_v0.3.2,TIERA_Q012,TIERA_003,What is the cancellation deadline for Harbor Storage Service?,semantic-paraphrase,unanswerable,,scope_demo,,,0,TIERA_003_U02;TIERA_003_U05;TIERA_003_U06,3,low,false,draft,Routine-timing query; unanswerable subset deliberately omits cancellation information.
controlled_tier_a_v0.3.2,TIERA_Q013,TIERA_003,What is the scheduled routine system checks period for Harbor Storage Service?,entity+attribute,answerable,09:30-11:30,scope_demo,,,1,TIERA_003_U01;TIERA_003_U05,2,moderate,false,draft,Attribute query; conflict cases use contradictory scheduling evidence.
controlled_tier_a_v0.3.2,TIERA_Q014,TIERA_003,"Adding the normal daily capacity to the extra reserve, what total daily capacity is available for Harbor Storage Service?",multi-hop,answerable,826,scope_demo,,,2,TIERA_003_U02;TIERA_003_U05,2,moderate,true,draft,Requires combining U01 standard capacity with U04 reserve capacity.
controlled_tier_a_v0.3.2,TIERA_Q015,TIERA_003,When can users access technical support for Harbor Storage Service?,distractor-heavy,answerable,13:00-15:00,scope_demo,,,1,TIERA_003_U02;TIERA_003_U06,2,moderate,false,draft,Support query; conflict cases use contradictory support-window evidence.
controlled_tier_a_v0.3.2,TIERA_Q016,TIERA_004,What level of daily throughput is specified for Northstar Notification Platform under standard operations?,lexical-anchor,answerable,732,scope_demo,,,1,TIERA_004_U02;TIERA_004_U04,2,high,false,draft,Capacity question; review lexical overlap and conflict validity.
controlled_tier_a_v0.3.2,TIERA_Q017,TIERA_004,What is the cancellation deadline for Northstar Notification Platform?,semantic-paraphrase,unanswerable,,scope_demo,,,0,TIERA_004_U02;TIERA_004_U05;TIERA_004_U06,3,low,false,draft,Routine-timing query; unanswerable subset deliberately omits cancellation information.
controlled_tier_a_v0.3.2,TIERA_Q018,TIERA_004,When is routine system checks normally carried out at Northstar Notification Platform?,entity+attribute,answerable,10:00-12:00,scope_demo,,,1,TIERA_004_U01;TIERA_004_U05,2,moderate,false,draft,Attribute query; conflict cases use contradictory scheduling evidence.
controlled_tier_a_v0.3.2,TIERA_Q019,TIERA_004,"If the standard allocation and the reserve allocation are combined, what is the resulting daily capacity for Northstar Notification Platform?",multi-hop,answerable,858,scope_demo,,,2,TIERA_004_U02;TIERA_004_U05,2,moderate,true,draft,Requires combining U01 standard capacity with U04 reserve capacity.
controlled_tier_a_v0.3.2,TIERA_Q020,TIERA_004,Which hours are assigned to technical support at Northstar Notification Platform?,distractor-heavy,answerable,14:00-16:00,scope_demo,,,1,TIERA_004_U02;TIERA_004_U06,2,moderate,false,draft,Support query; conflict cases use contradictory support-window evidence.
controlled_tier_a_v0.3.2,TIERA_Q021,TIERA_005,How many requests can Juniper Monitoring Service process each day under its normal plan?,lexical-anchor,answerable,755,scope_demo,,,1,TIERA_005_U02;TIERA_005_U04,2,high,false,draft,Capacity question; review lexical overlap and conflict validity.
controlled_tier_a_v0.3.2,TIERA_Q022,TIERA_005,What is the cancellation deadline for Juniper Monitoring Service?,semantic-paraphrase,unanswerable,,scope_demo,,,0,TIERA_005_U02;TIERA_005_U05;TIERA_005_U06,3,low,false,draft,Routine-timing query; unanswerable subset deliberately omits cancellation information.
controlled_tier_a_v0.3.2,TIERA_Q023,TIERA_005,Which time range does Juniper Monitoring Service use for routine system checks?,entity+attribute,answerable,13:00-15:00,scope_demo,,,1,TIERA_005_U01;TIERA_005_U05,2,moderate,false,draft,Attribute query; conflict cases use contradictory scheduling evidence.
controlled_tier_a_v0.3.2,TIERA_Q024,TIERA_005,What total daily throughput is available when Juniper Monitoring Service's normal capacity and reserve are used together?,multi-hop,answerable,890,scope_demo,,,2,TIERA_005_U02;TIERA_005_U05,2,moderate,true,draft,Requires combining U01 standard capacity with U04 reserve capacity.
controlled_tier_a_v0.3.2,TIERA_Q025,TIERA_005,What time range is published for technical support at Juniper Monitoring Service?,distractor-heavy,answerable,15:00-17:00,scope_demo,,,1,TIERA_005_U02;TIERA_005_U06,2,moderate,false,draft,Support query; conflict cases use contradictory support-window evidence.
controlled_tier_a_v0.3.2,TIERA_Q026,TIERA_006,What is the normal one-day capacity listed for Riverside Identity Platform?,lexical-anchor,answerable,778,scope_demo,,,1,TIERA_006_U02;TIERA_006_U04,2,high,false,draft,Capacity question; review lexical overlap and conflict validity.
controlled_tier_a_v0.3.2,TIERA_Q027,TIERA_006,What is the cancellation deadline for Riverside Identity Platform?,semantic-paraphrase,unanswerable,,scope_demo,,,0,TIERA_006_U02;TIERA_006_U05;TIERA_006_U06,3,low,false,draft,Routine-timing query; unanswerable subset deliberately omits cancellation information.
controlled_tier_a_v0.3.2,TIERA_Q028,TIERA_006,What operating window is recorded for routine system checks at Riverside Identity Platform?,entity+attribute,answerable,14:00-16:00,scope_demo,,,1,TIERA_006_U01;TIERA_006_U05,2,moderate,false,draft,Attribute query; conflict cases use contradictory scheduling evidence.
controlled_tier_a_v0.3.2,TIERA_Q029,TIERA_006,How large is the combined daily capacity when Riverside Identity Platform's standard and reserve allocations are added?,multi-hop,answerable,922,scope_demo,,,2,TIERA_006_U02;TIERA_006_U05,2,moderate,true,draft,Requires combining U01 standard capacity with U04 reserve capacity.
controlled_tier_a_v0.3.2,TIERA_Q030,TIERA_006,When is technical support available under the normal service plan for Riverside Identity Platform?,distractor-heavy,answerable,16:00-18:00,scope_demo,,,1,TIERA_006_U02;TIERA_006_U06,2,moderate,false,draft,Support query; conflict cases use contradictory support-window evidence.
controlled_tier_a_v0.3.2,TIERA_Q031,TIERA_007,What is the standard daily capacity of Cedar Community Clinic?,lexical-anchor,answerable,801,scope_demo,,,1,TIERA_007_U02;TIERA_007_U04,2,high,false,draft,Capacity question; review lexical overlap and conflict validity.
controlled_tier_a_v0.3.2,TIERA_Q032,TIERA_007,What is the cancellation deadline for Cedar Community Clinic?,semantic-paraphrase,unanswerable,,scope_demo,,,0,TIERA_007_U02;TIERA_007_U05;TIERA_007_U06,3,low,false,draft,Routine-timing query; unanswerable subset deliberately omits cancellation information.
controlled_tier_a_v0.3.2,TIERA_Q033,TIERA_007,Which routine intake checks window is listed for Cedar Community Clinic?,entity+attribute,answerable,08:30-10:30,scope_demo,,,1,TIERA_007_U01;TIERA_007_U05,2,moderate,false,draft,Attribute query; conflict cases use contradictory scheduling evidence.
controlled_tier_a_v0.3.2,TIERA_Q034,TIERA_007,"When the standard daily capacity and the reserve capacity are both available, what total daily capacity does Cedar Community Clinic provide?",multi-hop,answerable,954,scope_demo,,,2,TIERA_007_U02;TIERA_007_U05,2,moderate,true,draft,Requires combining U01 standard capacity with U04 reserve capacity.
controlled_tier_a_v0.3.2,TIERA_Q035,TIERA_007,During what hours is patient support available for Cedar Community Clinic?,distractor-heavy,answerable,10:00-12:00,scope_demo,,,1,TIERA_007_U02;TIERA_007_U06,2,moderate,false,draft,Support query; conflict cases use contradictory support-window evidence.
controlled_tier_a_v0.3.2,TIERA_Q036,TIERA_008,How many appointments can Maple Vaccination Center handle in a normal day?,lexical-anchor,answerable,824,scope_demo,,,1,TIERA_008_U02;TIERA_008_U04,2,high,false,draft,Capacity question; review lexical overlap and conflict validity.
controlled_tier_a_v0.3.2,TIERA_Q037,TIERA_008,What is the cancellation deadline for Maple Vaccination Center?,semantic-paraphrase,unanswerable,,scope_demo,,,0,TIERA_008_U02;TIERA_008_U05;TIERA_008_U06,3,low,false,draft,Routine-timing query; unanswerable subset deliberately omits cancellation information.
controlled_tier_a_v0.3.2,TIERA_Q038,TIERA_008,What hours are specified for routine intake checks at Maple Vaccination Center?,entity+attribute,answerable,09:00-11:00,scope_demo,,,1,TIERA_008_U01;TIERA_008_U05,2,moderate,false,draft,Attribute query; conflict cases use contradictory scheduling evidence.
controlled_tier_a_v0.3.2,TIERA_Q039,TIERA_008,What is the combined daily capacity when the normal capacity and peak-demand reserve are counted together for Maple Vaccination Center?,multi-hop,answerable,986,scope_demo,,,2,TIERA_008_U02;TIERA_008_U05,2,moderate,true,draft,Requires combining U01 standard capacity with U04 reserve capacity.
controlled_tier_a_v0.3.2,TIERA_Q040,TIERA_008,What is the listed support window for Maple Vaccination Center?,distractor-heavy,answerable,11:00-13:00,scope_demo,,,1,TIERA_008_U02;TIERA_008_U06,2,moderate,false,draft,Support query; conflict cases use contradictory support-window evidence.
controlled_tier_a_v0.3.2,TIERA_Q041,TIERA_009,"Under ordinary operating conditions, what daily volume is Harbor Diagnostic Lab designed to handle?",lexical-anchor,answerable,847,scope_demo,,,1,TIERA_009_U02;TIERA_009_U04,2,high,false,draft,Capacity question; review lexical overlap and conflict validity.
controlled_tier_a_v0.3.2,TIERA_Q042,TIERA_009,During which hours does the normal routine intake checks period run for Harbor Diagnostic Lab?,semantic-paraphrase,answerable,09:30-11:30,scope_demo,,,1,TIERA_009_U05;TIERA_009_U06,2,moderate,false,draft,Routine-timing query; unanswerable subset deliberately omits cancellation information.
controlled_tier_a_v0.3.2,TIERA_Q043,TIERA_009,Which email address is listed for direct contact with Harbor Diagnostic Lab?,entity+attribute,unanswerable,,scope_demo,,,0,TIERA_009_U02;TIERA_009_U03;TIERA_009_U05,3,low,false,draft,Attribute query; conflict cases use contradictory scheduling evidence.
controlled_tier_a_v0.3.2,TIERA_Q044,TIERA_009,"Adding the normal daily capacity to the extra reserve, what total daily capacity is available for Harbor Diagnostic Lab?",multi-hop,answerable,1018,scope_demo,,,2,TIERA_009_U02;TIERA_009_U05,2,moderate,true,draft,Requires combining U01 standard capacity with U04 reserve capacity.
controlled_tier_a_v0.3.2,TIERA_Q045,TIERA_009,When can users access patient support for Harbor Diagnostic Lab?,distractor-heavy,answerable,13:00-15:00,scope_demo,,,1,TIERA_009_U02;TIERA_009_U06,2,moderate,false,draft,Support query; conflict cases use contradictory support-window evidence.
controlled_tier_a_v0.3.2,TIERA_Q046,TIERA_010,What level of daily throughput is specified for Northstar Health Outreach Unit under standard operations?,lexical-anchor,answerable,870,scope_demo,,,1,TIERA_010_U02;TIERA_010_U04,2,high,false,draft,Capacity question; review lexical overlap and conflict validity.
controlled_tier_a_v0.3.2,TIERA_Q047,TIERA_010,What is the published window for routine intake checks at Northstar Health Outreach Unit?,semantic-paraphrase,answerable,10:00-12:00,scope_demo,,,1,TIERA_010_U05;TIERA_010_U06,2,moderate,false,draft,Routine-timing query; unanswerable subset deliberately omits cancellation information.
controlled_tier_a_v0.3.2,TIERA_Q048,TIERA_010,Which email address is listed for direct contact with Northstar Health Outreach Unit?,entity+attribute,unanswerable,,scope_demo,,,0,TIERA_010_U02;TIERA_010_U03;TIERA_010_U05,3,low,false,draft,Attribute query; conflict cases use contradictory scheduling evidence.
controlled_tier_a_v0.3.2,TIERA_Q049,TIERA_010,"If the standard allocation and the reserve allocation are combined, what is the resulting daily capacity for Northstar Health Outreach Unit?",multi-hop,answerable,1050,scope_demo,,,2,TIERA_010_U02;TIERA_010_U05,2,moderate,true,draft,Requires combining U01 standard capacity with U04 reserve capacity.
controlled_tier_a_v0.3.2,TIERA_Q050,TIERA_010,Which hours are assigned to patient support at Northstar Health Outreach Unit?,distractor-heavy,answerable,14:00-16:00,scope_demo,,,1,TIERA_010_U02;TIERA_010_U06,2,moderate,false,draft,Support query; conflict cases use contradictory support-window evidence.
controlled_tier_a_v0.3.2,TIERA_Q051,TIERA_011,How many appointments can Juniper Rehabilitation Center process each day under its normal plan?,lexical-anchor,answerable,893,scope_demo,,,1,TIERA_011_U02;TIERA_011_U04,2,high,false,draft,Capacity question; review lexical overlap and conflict validity.
controlled_tier_a_v0.3.2,TIERA_Q052,TIERA_011,When does the standard routine intake checks period take place at Juniper Rehabilitation Center?,semantic-paraphrase,answerable,13:00-15:00,scope_demo,,,1,TIERA_011_U05;TIERA_011_U06,2,moderate,false,draft,Routine-timing query; unanswerable subset deliberately omits cancellation information.
controlled_tier_a_v0.3.2,TIERA_Q053,TIERA_011,Which email address is listed for direct contact with Juniper Rehabilitation Center?,entity+attribute,unanswerable,,scope_demo,,,0,TIERA_011_U02;TIERA_011_U03;TIERA_011_U05,3,low,false,draft,Attribute query; conflict cases use contradictory scheduling evidence.
controlled_tier_a_v0.3.2,TIERA_Q054,TIERA_011,What total daily throughput is available when Juniper Rehabilitation Center's normal capacity and reserve are used together?,multi-hop,answerable,1082,scope_demo,,,2,TIERA_011_U02;TIERA_011_U05,2,moderate,true,draft,Requires combining U01 standard capacity with U04 reserve capacity.
controlled_tier_a_v0.3.2,TIERA_Q055,TIERA_011,What time range is published for patient support at Juniper Rehabilitation Center?,distractor-heavy,answerable,15:00-17:00,scope_demo,,,1,TIERA_011_U02;TIERA_011_U06,2,moderate,false,draft,Support query; conflict cases use contradictory support-window evidence.
controlled_tier_a_v0.3.2,TIERA_Q056,TIERA_012,What is the normal one-day capacity listed for Riverside Nutrition Program?,lexical-anchor,answerable,916,scope_demo,,,1,TIERA_012_U02;TIERA_012_U04,2,high,false,draft,Capacity question; review lexical overlap and conflict validity.
controlled_tier_a_v0.3.2,TIERA_Q057,TIERA_012,Which hours are reserved for routine intake checks at Riverside Nutrition Program?,semantic-paraphrase,answerable,14:00-16:00,scope_demo,,,1,TIERA_012_U05;TIERA_012_U06,2,moderate,false,draft,Routine-timing query; unanswerable subset deliberately omits cancellation information.
controlled_tier_a_v0.3.2,TIERA_Q058,TIERA_012,Which email address is listed for direct contact with Riverside Nutrition Program?,entity+attribute,unanswerable,,scope_demo,,,0,TIERA_012_U02;TIERA_012_U03;TIERA_012_U05,3,low,false,draft,Attribute query; conflict cases use contradictory scheduling evidence.
controlled_tier_a_v0.3.2,TIERA_Q059,TIERA_012,How large is the combined daily capacity when Riverside Nutrition Program's standard and reserve allocations are added?,multi-hop,answerable,1114,scope_demo,,,2,TIERA_012_U02;TIERA_012_U05,2,moderate,true,draft,Requires combining U01 standard capacity with U04 reserve capacity.
controlled_tier_a_v0.3.2,TIERA_Q060,TIERA_012,When is patient support available under the normal service plan for Riverside Nutrition Program?,distractor-heavy,answerable,16:00-18:00,scope_demo,,,1,TIERA_012_U02;TIERA_012_U06,2,moderate,false,draft,Support query; conflict cases use contradictory support-window evidence.
controlled_tier_a_v0.3.2,TIERA_Q061,TIERA_013,What is the standard daily capacity of Cedar Savings Product?,lexical-anchor,answerable,939,scope_demo,,,1,TIERA_013_U02;TIERA_013_U04,2,high,false,draft,Capacity question; review lexical overlap and conflict validity.
controlled_tier_a_v0.3.2,TIERA_Q062,TIERA_013,When are the regular routine processing checks scheduled for Cedar Savings Product?,semantic-paraphrase,answerable,08:30-10:30,scope_demo,,,1,TIERA_013_U05;TIERA_013_U06,2,moderate,false,draft,Routine-timing query; unanswerable subset deliberately omits cancellation information.
controlled_tier_a_v0.3.2,TIERA_Q063,TIERA_013,Which email address is listed for direct contact with Cedar Savings Product?,entity+attribute,unanswerable,,scope_demo,,,0,TIERA_013_U02;TIERA_013_U03;TIERA_013_U05,3,low,false,draft,Attribute query; conflict cases use contradictory scheduling evidence.
controlled_tier_a_v0.3.2,TIERA_Q064,TIERA_013,"When the standard daily capacity and the reserve capacity are both available, what total daily capacity does Cedar Savings Product provide?",multi-hop,answerable,1146,scope_demo,,,2,TIERA_013_U02;TIERA_013_U05,2,moderate,true,draft,Requires combining U01 standard capacity with U04 reserve capacity.
controlled_tier_a_v0.3.2,TIERA_Q065,TIERA_013,During what hours is account support available for Cedar Savings Product?,distractor-heavy,answerable,10:00-12:00,scope_demo,,,1,TIERA_013_U02;TIERA_013_U06,2,moderate,false,draft,Support query; conflict cases use contradictory support-window evidence.
controlled_tier_a_v0.3.2,TIERA_Q066,TIERA_014,How many transactions can Maple Card Service handle in a normal day?,lexical-anchor,answerable,962,scope_demo,,,1,TIERA_014_U02;TIERA_014_U04,2,high,false,draft,Capacity question; review lexical overlap and conflict validity.
controlled_tier_a_v0.3.2,TIERA_Q067,TIERA_014,What time window is used for routine processing checks at Maple Card Service?,semantic-paraphrase,answerable,09:00-11:00,scope_demo,,,1,TIERA_014_U05;TIERA_014_U06,2,moderate,false,draft,Routine-timing query; unanswerable subset deliberately omits cancellation information.
controlled_tier_a_v0.3.2,TIERA_Q068,TIERA_014,Which email address is listed for direct contact with Maple Card Service?,entity+attribute,unanswerable,,scope_demo,,,0,TIERA_014_U02;TIERA_014_U03;TIERA_014_U05,3,low,false,draft,Attribute query; conflict cases use contradictory scheduling evidence.
controlled_tier_a_v0.3.2,TIERA_Q069,TIERA_014,What is the combined daily capacity when the normal capacity and peak-demand reserve are counted together for Maple Card Service?,multi-hop,answerable,1178,scope_demo,,,2,TIERA_014_U02;TIERA_014_U05,2,moderate,true,draft,Requires combining U01 standard capacity with U04 reserve capacity.
controlled_tier_a_v0.3.2,TIERA_Q070,TIERA_014,What is the listed support window for Maple Card Service?,distractor-heavy,answerable,11:00-13:00,scope_demo,,,1,TIERA_014_U02;TIERA_014_U06,2,moderate,false,draft,Support query; conflict cases use contradictory support-window evidence.
controlled_tier_a_v0.3.2,TIERA_Q071,TIERA_015,"Under ordinary operating conditions, what daily volume is Harbor Remittance Service designed to handle?",lexical-anchor,answerable,985,scope_demo,,,1,TIERA_015_U02;TIERA_015_U04,2,high,false,draft,Capacity question; review lexical overlap and conflict validity.
controlled_tier_a_v0.3.2,TIERA_Q072,TIERA_015,During which hours does the normal routine processing checks period run for Harbor Remittance Service?,semantic-paraphrase,answerable,09:30-11:30,scope_demo,,,1,TIERA_015_U05;TIERA_015_U06,2,moderate,false,draft,Routine-timing query; unanswerable subset deliberately omits cancellation information.
controlled_tier_a_v0.3.2,TIERA_Q073,TIERA_015,Which email address is listed for direct contact with Harbor Remittance Service?,entity+attribute,unanswerable,,scope_demo,,,0,TIERA_015_U02;TIERA_015_U03;TIERA_015_U05,3,low,false,draft,Attribute query; conflict cases use contradictory scheduling evidence.
controlled_tier_a_v0.3.2,TIERA_Q074,TIERA_015,"Adding the normal daily capacity to the extra reserve, what total daily capacity is available for Harbor Remittance Service?",multi-hop,answerable,1210,scope_demo,,,2,TIERA_015_U02;TIERA_015_U05,2,moderate,true,draft,Requires combining U01 standard capacity with U04 reserve capacity.
controlled_tier_a_v0.3.2,TIERA_Q075,TIERA_015,When can users access account support for Harbor Remittance Service?,distractor-heavy,answerable,13:00-15:00,scope_demo,,,1,TIERA_015_U02;TIERA_015_U06,2,moderate,false,draft,Support query; conflict cases use contradictory support-window evidence.
controlled_tier_a_v0.3.2,TIERA_Q076,TIERA_016,What level of daily throughput is specified for Northstar Invoice Platform under standard operations?,lexical-anchor,answerable,1008,scope_demo,,,1,TIERA_016_U02;TIERA_016_U04,2,high,false,draft,Capacity question; review lexical overlap and conflict validity.
controlled_tier_a_v0.3.2,TIERA_Q077,TIERA_016,What is the published window for routine processing checks at Northstar Invoice Platform?,semantic-paraphrase,answerable,10:00-12:00,scope_demo,,,1,TIERA_016_U05;TIERA_016_U06,2,moderate,false,draft,Routine-timing query; unanswerable subset deliberately omits cancellation information.
controlled_tier_a_v0.3.2,TIERA_Q078,TIERA_016,Which email address is listed for direct contact with Northstar Invoice Platform?,entity+attribute,unanswerable,,scope_demo,,,0,TIERA_016_U02;TIERA_016_U03;TIERA_016_U05,3,low,false,draft,Attribute query; conflict cases use contradictory scheduling evidence.
controlled_tier_a_v0.3.2,TIERA_Q079,TIERA_016,"If the standard allocation and the reserve allocation are combined, what is the resulting daily capacity for Northstar Invoice Platform?",multi-hop,answerable,1242,scope_demo,,,2,TIERA_016_U02;TIERA_016_U05,2,moderate,true,draft,Requires combining U01 standard capacity with U04 reserve capacity.
controlled_tier_a_v0.3.2,TIERA_Q080,TIERA_016,Which hours are assigned to account support at Northstar Invoice Platform?,distractor-heavy,answerable,14:00-16:00,scope_demo,,,1,TIERA_016_U02;TIERA_016_U06,2,moderate,false,draft,Support query; conflict cases use contradictory support-window evidence.
controlled_tier_a_v0.3.2,TIERA_Q081,TIERA_017,How many transactions can Juniper Budget Program process each day under its normal plan?,lexical-anchor,answerable,1031,scope_demo,,,1,TIERA_017_U02;TIERA_017_U04,2,high,false,draft,Capacity question; review lexical overlap and conflict validity.
controlled_tier_a_v0.3.2,TIERA_Q082,TIERA_017,When does the standard routine processing checks period take place at Juniper Budget Program?,semantic-paraphrase,answerable,13:00-15:00,scope_demo,,,1,TIERA_017_U05;TIERA_017_U06,2,moderate,false,draft,Routine-timing query; unanswerable subset deliberately omits cancellation information.
controlled_tier_a_v0.3.2,TIERA_Q083,TIERA_017,Which time range does Juniper Budget Program use for routine processing checks?,entity+attribute,answerable,13:00-15:00,scope_demo,,,1,TIERA_017_U01;TIERA_017_U05,2,moderate,false,draft,Attribute query; conflict cases use contradictory scheduling evidence.
controlled_tier_a_v0.3.2,TIERA_Q084,TIERA_017,What total daily throughput is available when Juniper Budget Program's normal capacity and reserve are used together?,multi-hop,answerable,1274,scope_demo,,,2,TIERA_017_U02;TIERA_017_U05,2,moderate,true,draft,Requires combining U01 standard capacity with U04 reserve capacity.
controlled_tier_a_v0.3.2,TIERA_Q085,TIERA_017,How much notice is required to cancel service at Juniper Budget Program?,distractor-heavy,unanswerable,,scope_demo,,,0,TIERA_017_U02;TIERA_017_U05;TIERA_017_U06,3,moderate,false,draft,Support query; conflict cases use contradictory support-window evidence.
controlled_tier_a_v0.3.2,TIERA_Q086,TIERA_018,What is the normal one-day capacity listed for Riverside Credit Education?,lexical-anchor,answerable,1054,scope_demo,,,1,TIERA_018_U02;TIERA_018_U04,2,high,false,draft,Capacity question; review lexical overlap and conflict validity.
controlled_tier_a_v0.3.2,TIERA_Q087,TIERA_018,Which hours are reserved for routine processing checks at Riverside Credit Education?,semantic-paraphrase,answerable,14:00-16:00,scope_demo,,,1,TIERA_018_U05;TIERA_018_U06,2,moderate,false,draft,Routine-timing query; unanswerable subset deliberately omits cancellation information.
controlled_tier_a_v0.3.2,TIERA_Q088,TIERA_018,What operating window is recorded for routine processing checks at Riverside Credit Education?,entity+attribute,answerable,14:00-16:00,scope_demo,,,1,TIERA_018_U01;TIERA_018_U05,2,moderate,false,draft,Attribute query; conflict cases use contradictory scheduling evidence.
controlled_tier_a_v0.3.2,TIERA_Q089,TIERA_018,How large is the combined daily capacity when Riverside Credit Education's standard and reserve allocations are added?,multi-hop,answerable,1306,scope_demo,,,2,TIERA_018_U02;TIERA_018_U05,2,moderate,true,draft,Requires combining U01 standard capacity with U04 reserve capacity.
controlled_tier_a_v0.3.2,TIERA_Q090,TIERA_018,How much notice is required to cancel service at Riverside Credit Education?,distractor-heavy,unanswerable,,scope_demo,,,0,TIERA_018_U02;TIERA_018_U05;TIERA_018_U06,3,moderate,false,draft,Support query; conflict cases use contradictory support-window evidence.
controlled_tier_a_v0.3.2,TIERA_Q091,TIERA_019,What is the standard daily capacity of Cedar Metro Line?,lexical-anchor,answerable,1077,scope_demo,,,1,TIERA_019_U02;TIERA_019_U04,2,high,false,draft,Capacity question; review lexical overlap and conflict validity.
controlled_tier_a_v0.3.2,TIERA_Q092,TIERA_019,When are the regular routine service checks scheduled for Cedar Metro Line?,semantic-paraphrase,answerable,08:30-10:30,scope_demo,,,1,TIERA_019_U05;TIERA_019_U06,2,moderate,false,draft,Routine-timing query; unanswerable subset deliberately omits cancellation information.
controlled_tier_a_v0.3.2,TIERA_Q093,TIERA_019,Which routine service checks window is listed for Cedar Metro Line?,entity+attribute,answerable,08:30-10:30,scope_demo,,,1,TIERA_019_U01;TIERA_019_U05,2,moderate,false,draft,Attribute query; conflict cases use contradictory scheduling evidence.
controlled_tier_a_v0.3.2,TIERA_Q094,TIERA_019,"When the standard daily capacity and the reserve capacity are both available, what total daily capacity does Cedar Metro Line provide?",multi-hop,answerable,1338,scope_demo,,,2,TIERA_019_U02;TIERA_019_U05,2,moderate,true,draft,Requires combining U01 standard capacity with U04 reserve capacity.
controlled_tier_a_v0.3.2,TIERA_Q095,TIERA_019,How much notice is required to cancel service at Cedar Metro Line?,distractor-heavy,unanswerable,,scope_demo,,,0,TIERA_019_U02;TIERA_019_U05;TIERA_019_U06,3,moderate,false,draft,Support query; conflict cases use contradictory support-window evidence.
controlled_tier_a_v0.3.2,TIERA_Q096,TIERA_020,How many passenger trips can Maple Bus Network handle in a normal day?,lexical-anchor,answerable,1100,scope_demo,,,1,TIERA_020_U02;TIERA_020_U04,2,high,false,draft,Capacity question; review lexical overlap and conflict validity.
controlled_tier_a_v0.3.2,TIERA_Q097,TIERA_020,What time window is used for routine service checks at Maple Bus Network?,semantic-paraphrase,answerable,09:00-11:00,scope_demo,,,1,TIERA_020_U05;TIERA_020_U06,2,moderate,false,draft,Routine-timing query; unanswerable subset deliberately omits cancellation information.
controlled_tier_a_v0.3.2,TIERA_Q098,TIERA_020,What hours are specified for routine service checks at Maple Bus Network?,entity+attribute,answerable,09:00-11:00,scope_demo,,,1,TIERA_020_U01;TIERA_020_U05,2,moderate,false,draft,Attribute query; conflict cases use contradictory scheduling evidence.
controlled_tier_a_v0.3.2,TIERA_Q099,TIERA_020,What is the combined daily capacity when the normal capacity and peak-demand reserve are counted together for Maple Bus Network?,multi-hop,answerable,1370,scope_demo,,,2,TIERA_020_U02;TIERA_020_U05,2,moderate,true,draft,Requires combining U01 standard capacity with U04 reserve capacity.
controlled_tier_a_v0.3.2,TIERA_Q100,TIERA_020,How much notice is required to cancel service at Maple Bus Network?,distractor-heavy,unanswerable,,scope_demo,,,0,TIERA_020_U02;TIERA_020_U05;TIERA_020_U06,3,moderate,false,draft,Support query; conflict cases use contradictory support-window evidence.
controlled_tier_a_v0.3.2,TIERA_Q101,TIERA_021,"Under ordinary operating conditions, what daily volume is Harbor Freight Terminal designed to handle?",lexical-anchor,answerable,1123,scope_demo,,,1,TIERA_021_U02;TIERA_021_U04,2,high,false,draft,Capacity question; review lexical overlap and conflict validity.
controlled_tier_a_v0.3.2,TIERA_Q102,TIERA_021,During which hours does the normal routine service checks period run for Harbor Freight Terminal?,semantic-paraphrase,answerable,09:30-11:30,scope_demo,,,1,TIERA_021_U05;TIERA_021_U06,2,moderate,false,draft,Routine-timing query; unanswerable subset deliberately omits cancellation information.
controlled_tier_a_v0.3.2,TIERA_Q103,TIERA_021,What is the scheduled routine service checks period for Harbor Freight Terminal?,entity+attribute,answerable,09:30-11:30,scope_demo,,,1,TIERA_021_U01;TIERA_021_U05,2,moderate,false,draft,Attribute query; conflict cases use contradictory scheduling evidence.
controlled_tier_a_v0.3.2,TIERA_Q104,TIERA_021,"Adding the normal daily capacity to the extra reserve, what total daily capacity is available for Harbor Freight Terminal?",multi-hop,answerable,1402,scope_demo,,,2,TIERA_021_U02;TIERA_021_U05,2,moderate,true,draft,Requires combining U01 standard capacity with U04 reserve capacity.
controlled_tier_a_v0.3.2,TIERA_Q105,TIERA_021,How much notice is required to cancel service at Harbor Freight Terminal?,distractor-heavy,unanswerable,,scope_demo,,,0,TIERA_021_U02;TIERA_021_U05;TIERA_021_U06,3,moderate,false,draft,Support query; conflict cases use contradictory support-window evidence.
controlled_tier_a_v0.3.2,TIERA_Q106,TIERA_022,What level of daily throughput is specified for Northstar Parcel Hub under standard operations?,lexical-anchor,answerable,1146,scope_demo,,,1,TIERA_022_U02;TIERA_022_U04,2,high,false,draft,Capacity question; review lexical overlap and conflict validity.
controlled_tier_a_v0.3.2,TIERA_Q107,TIERA_022,What is the published window for routine service checks at Northstar Parcel Hub?,semantic-paraphrase,answerable,10:00-12:00,scope_demo,,,1,TIERA_022_U05;TIERA_022_U06,2,moderate,false,draft,Routine-timing query; unanswerable subset deliberately omits cancellation information.
controlled_tier_a_v0.3.2,TIERA_Q108,TIERA_022,When is routine service checks normally carried out at Northstar Parcel Hub?,entity+attribute,answerable,10:00-12:00,scope_demo,,,1,TIERA_022_U01;TIERA_022_U05,2,moderate,false,draft,Attribute query; conflict cases use contradictory scheduling evidence.
controlled_tier_a_v0.3.2,TIERA_Q109,TIERA_022,"If the standard allocation and the reserve allocation are combined, what is the resulting daily capacity for Northstar Parcel Hub?",multi-hop,answerable,1434,scope_demo,,,2,TIERA_022_U02;TIERA_022_U05,2,moderate,true,draft,Requires combining U01 standard capacity with U04 reserve capacity.
controlled_tier_a_v0.3.2,TIERA_Q110,TIERA_022,How much notice is required to cancel service at Northstar Parcel Hub?,distractor-heavy,unanswerable,,scope_demo,,,0,TIERA_022_U02;TIERA_022_U05;TIERA_022_U06,3,moderate,false,draft,Support query; conflict cases use contradictory support-window evidence.
controlled_tier_a_v0.3.2,TIERA_Q111,TIERA_023,How many passenger trips can Juniper Bike Share process each day under its normal plan?,lexical-anchor,answerable,1169,scope_demo,,,1,TIERA_023_U02;TIERA_023_U04,2,high,false,draft,Capacity question; review lexical overlap and conflict validity.
controlled_tier_a_v0.3.2,TIERA_Q112,TIERA_023,When does the standard routine service checks period take place at Juniper Bike Share?,semantic-paraphrase,answerable,13:00-15:00,scope_demo,,,1,TIERA_023_U05;TIERA_023_U06,2,moderate,false,draft,Routine-timing query; unanswerable subset deliberately omits cancellation information.
controlled_tier_a_v0.3.2,TIERA_Q113,TIERA_023,Which time range does Juniper Bike Share use for routine service checks?,entity+attribute,answerable,13:00-15:00,scope_demo,,,1,TIERA_023_U01;TIERA_023_U05,2,moderate,false,draft,Attribute query; conflict cases use contradictory scheduling evidence.
controlled_tier_a_v0.3.2,TIERA_Q114,TIERA_023,What total daily throughput is available when Juniper Bike Share's normal capacity and reserve are used together?,multi-hop,answerable,1466,scope_demo,,,2,TIERA_023_U02;TIERA_023_U05,2,moderate,true,draft,Requires combining U01 standard capacity with U04 reserve capacity.
controlled_tier_a_v0.3.2,TIERA_Q115,TIERA_023,How much notice is required to cancel service at Juniper Bike Share?,distractor-heavy,unanswerable,,scope_demo,,,0,TIERA_023_U02;TIERA_023_U05;TIERA_023_U06,3,moderate,false,draft,Support query; conflict cases use contradictory support-window evidence.
controlled_tier_a_v0.3.2,TIERA_Q116,TIERA_024,What is the normal one-day capacity listed for Riverside Ferry Service?,lexical-anchor,answerable,1192,scope_demo,,,1,TIERA_024_U02;TIERA_024_U04,2,high,false,draft,Capacity question; review lexical overlap and conflict validity.
controlled_tier_a_v0.3.2,TIERA_Q117,TIERA_024,Which hours are reserved for routine service checks at Riverside Ferry Service?,semantic-paraphrase,answerable,14:00-16:00,scope_demo,,,1,TIERA_024_U05;TIERA_024_U06,2,moderate,false,draft,Routine-timing query; unanswerable subset deliberately omits cancellation information.
controlled_tier_a_v0.3.2,TIERA_Q118,TIERA_024,What operating window is recorded for routine service checks at Riverside Ferry Service?,entity+attribute,answerable,14:00-16:00,scope_demo,,,1,TIERA_024_U01;TIERA_024_U05,2,moderate,false,draft,Attribute query; conflict cases use contradictory scheduling evidence.
controlled_tier_a_v0.3.2,TIERA_Q119,TIERA_024,How large is the combined daily capacity when Riverside Ferry Service's standard and reserve allocations are added?,multi-hop,answerable,1498,scope_demo,,,2,TIERA_024_U02;TIERA_024_U05,2,moderate,true,draft,Requires combining U01 standard capacity with U04 reserve capacity.
controlled_tier_a_v0.3.2,TIERA_Q120,TIERA_024,How much notice is required to cancel service at Riverside Ferry Service?,distractor-heavy,unanswerable,,scope_demo,,,0,TIERA_024_U02;TIERA_024_U05;TIERA_024_U06,3,moderate,false,draft,Support query; conflict cases use contradictory support-window evidence.
controlled_tier_a_v0.3.2,TIERA_Q121,TIERA_025,What is the standard daily capacity of Cedar Training Center?,lexical-anchor,conflict,Conflicting evidence; report uncertainty.,scope_demo,CG_TIERA_Q121,report_uncertainty,2,TIERA_025_U02;TIERA_025_U04,2,high,false,draft,Capacity question; review lexical overlap and conflict validity.
controlled_tier_a_v0.3.2,TIERA_Q122,TIERA_025,When are the regular routine enrollment checks scheduled for Cedar Training Center?,semantic-paraphrase,answerable,08:30-10:30,scope_demo,,,1,TIERA_025_U05;TIERA_025_U06,2,moderate,false,draft,Routine-timing query; unanswerable subset deliberately omits cancellation information.
controlled_tier_a_v0.3.2,TIERA_Q123,TIERA_025,Which routine enrollment checks window is listed for Cedar Training Center?,entity+attribute,answerable,08:30-10:30,scope_demo,,,1,TIERA_025_U01;TIERA_025_U05,2,moderate,false,draft,Attribute query; conflict cases use contradictory scheduling evidence.
controlled_tier_a_v0.3.2,TIERA_Q124,TIERA_025,"When the standard daily capacity and the reserve capacity are both available, what total daily capacity does Cedar Training Center provide?",multi-hop,answerable,1530,scope_demo,,,2,TIERA_025_U02;TIERA_025_U05,2,moderate,true,draft,Requires combining U01 standard capacity with U04 reserve capacity.
controlled_tier_a_v0.3.2,TIERA_Q125,TIERA_025,During what hours is academic support available for Cedar Training Center?,distractor-heavy,answerable,10:00-12:00,scope_demo,,,1,TIERA_025_U02;TIERA_025_U06,2,moderate,false,draft,Support query; conflict cases use contradictory support-window evidence.
controlled_tier_a_v0.3.2,TIERA_Q126,TIERA_026,How many learner seats can Maple University Course handle in a normal day?,lexical-anchor,conflict,Conflicting evidence; report uncertainty.,scope_demo,CG_TIERA_Q126,report_uncertainty,2,TIERA_026_U02;TIERA_026_U04,2,high,false,draft,Capacity question; review lexical overlap and conflict validity.
controlled_tier_a_v0.3.2,TIERA_Q127,TIERA_026,What time window is used for routine enrollment checks at Maple University Course?,semantic-paraphrase,answerable,09:00-11:00,scope_demo,,,1,TIERA_026_U05;TIERA_026_U06,2,moderate,false,draft,Routine-timing query; unanswerable subset deliberately omits cancellation information.
controlled_tier_a_v0.3.2,TIERA_Q128,TIERA_026,What hours are specified for routine enrollment checks at Maple University Course?,entity+attribute,answerable,09:00-11:00,scope_demo,,,1,TIERA_026_U01;TIERA_026_U05,2,moderate,false,draft,Attribute query; conflict cases use contradictory scheduling evidence.
controlled_tier_a_v0.3.2,TIERA_Q129,TIERA_026,What is the combined daily capacity when the normal capacity and peak-demand reserve are counted together for Maple University Course?,multi-hop,answerable,1562,scope_demo,,,2,TIERA_026_U02;TIERA_026_U05,2,moderate,true,draft,Requires combining U01 standard capacity with U04 reserve capacity.
controlled_tier_a_v0.3.2,TIERA_Q130,TIERA_026,What is the listed support window for Maple University Course?,distractor-heavy,answerable,11:00-13:00,scope_demo,,,1,TIERA_026_U02;TIERA_026_U06,2,moderate,false,draft,Support query; conflict cases use contradictory support-window evidence.
controlled_tier_a_v0.3.2,TIERA_Q131,TIERA_027,"Under ordinary operating conditions, what daily volume is Harbor Language Program designed to handle?",lexical-anchor,conflict,Conflicting evidence; report uncertainty.,scope_demo,CG_TIERA_Q131,report_uncertainty,2,TIERA_027_U02;TIERA_027_U04,2,high,false,draft,Capacity question; review lexical overlap and conflict validity.
controlled_tier_a_v0.3.2,TIERA_Q132,TIERA_027,During which hours does the normal routine enrollment checks period run for Harbor Language Program?,semantic-paraphrase,answerable,09:30-11:30,scope_demo,,,1,TIERA_027_U05;TIERA_027_U06,2,moderate,false,draft,Routine-timing query; unanswerable subset deliberately omits cancellation information.
controlled_tier_a_v0.3.2,TIERA_Q133,TIERA_027,What is the scheduled routine enrollment checks period for Harbor Language Program?,entity+attribute,answerable,09:30-11:30,scope_demo,,,1,TIERA_027_U01;TIERA_027_U05,2,moderate,false,draft,Attribute query; conflict cases use contradictory scheduling evidence.
controlled_tier_a_v0.3.2,TIERA_Q134,TIERA_027,"Adding the normal daily capacity to the extra reserve, what total daily capacity is available for Harbor Language Program?",multi-hop,answerable,1594,scope_demo,,,2,TIERA_027_U02;TIERA_027_U05,2,moderate,true,draft,Requires combining U01 standard capacity with U04 reserve capacity.
controlled_tier_a_v0.3.2,TIERA_Q135,TIERA_027,When can users access academic support for Harbor Language Program?,distractor-heavy,answerable,13:00-15:00,scope_demo,,,1,TIERA_027_U02;TIERA_027_U06,2,moderate,false,draft,Support query; conflict cases use contradictory support-window evidence.
controlled_tier_a_v0.3.2,TIERA_Q136,TIERA_028,What level of daily throughput is specified for Northstar Certification Program under standard operations?,lexical-anchor,conflict,Conflicting evidence; report uncertainty.,scope_demo,CG_TIERA_Q136,report_uncertainty,2,TIERA_028_U02;TIERA_028_U04,2,high,false,draft,Capacity question; review lexical overlap and conflict validity.
controlled_tier_a_v0.3.2,TIERA_Q137,TIERA_028,What is the published window for routine enrollment checks at Northstar Certification Program?,semantic-paraphrase,answerable,10:00-12:00,scope_demo,,,1,TIERA_028_U05;TIERA_028_U06,2,moderate,false,draft,Routine-timing query; unanswerable subset deliberately omits cancellation information.
controlled_tier_a_v0.3.2,TIERA_Q138,TIERA_028,When is routine enrollment checks normally carried out at Northstar Certification Program?,entity+attribute,answerable,10:00-12:00,scope_demo,,,1,TIERA_028_U01;TIERA_028_U05,2,moderate,false,draft,Attribute query; conflict cases use contradictory scheduling evidence.
controlled_tier_a_v0.3.2,TIERA_Q139,TIERA_028,"If the standard allocation and the reserve allocation are combined, what is the resulting daily capacity for Northstar Certification Program?",multi-hop,answerable,1626,scope_demo,,,2,TIERA_028_U02;TIERA_028_U05,2,moderate,true,draft,Requires combining U01 standard capacity with U04 reserve capacity.
controlled_tier_a_v0.3.2,TIERA_Q140,TIERA_028,Which hours are assigned to academic support at Northstar Certification Program?,distractor-heavy,answerable,14:00-16:00,scope_demo,,,1,TIERA_028_U02;TIERA_028_U06,2,moderate,false,draft,Support query; conflict cases use contradictory support-window evidence.
controlled_tier_a_v0.3.2,TIERA_Q141,TIERA_029,How much learner seats can Juniper Online Workshop process each day under its normal plan?,lexical-anchor,conflict,Conflicting evidence; report uncertainty.,scope_demo,CG_TIERA_Q141,report_uncertainty,2,TIERA_029_U02;TIERA_029_U04,2,high,false,draft,Capacity question; review lexical overlap and conflict validity.
controlled_tier_a_v0.3.2,TIERA_Q142,TIERA_029,When does the standard routine enrollment checks period take place at Juniper Online Workshop?,semantic-paraphrase,answerable,13:00-15:00,scope_demo,,,1,TIERA_029_U05;TIERA_029_U06,2,moderate,false,draft,Routine-timing query; unanswerable subset deliberately omits cancellation information.
controlled_tier_a_v0.3.2,TIERA_Q143,TIERA_029,Which time range does Juniper Online Workshop use for routine enrollment checks?,entity+attribute,answerable,13:00-15:00,scope_demo,,,1,TIERA_029_U01;TIERA_029_U05,2,moderate,false,draft,Attribute query; conflict cases use contradictory scheduling evidence.
controlled_tier_a_v0.3.2,TIERA_Q144,TIERA_029,What total daily throughput is available when Juniper Online Workshop's normal capacity and reserve are used together?,multi-hop,answerable,1658,scope_demo,,,2,TIERA_029_U02;TIERA_029_U05,2,moderate,true,draft,Requires combining U01 standard capacity with U04 reserve capacity.
controlled_tier_a_v0.3.2,TIERA_Q145,TIERA_029,What time range is published for academic support at Juniper Online Workshop?,distractor-heavy,answerable,15:00-17:00,scope_demo,,,1,TIERA_029_U02;TIERA_029_U06,2,moderate,false,draft,Support query; conflict cases use contradictory support-window evidence.
controlled_tier_a_v0.3.2,TIERA_Q146,TIERA_030,What is the normal one-day capacity listed for Riverside Library Program?,lexical-anchor,conflict,Conflicting evidence; report uncertainty.,scope_demo,CG_TIERA_Q146,report_uncertainty,2,TIERA_030_U02;TIERA_030_U04,2,high,false,draft,Capacity question; review lexical overlap and conflict validity.
controlled_tier_a_v0.3.2,TIERA_Q147,TIERA_030,Which hours are reserved for routine enrollment checks at Riverside Library Program?,semantic-paraphrase,answerable,14:00-16:00,scope_demo,,,1,TIERA_030_U05;TIERA_030_U06,2,moderate,false,draft,Routine-timing query; unanswerable subset deliberately omits cancellation information.
controlled_tier_a_v0.3.2,TIERA_Q148,TIERA_030,What operating window is recorded for routine enrollment checks at Riverside Library Program?,entity+attribute,answerable,14:00-16:00,scope_demo,,,1,TIERA_030_U01;TIERA_030_U05,2,moderate,false,draft,Attribute query; conflict cases use contradictory scheduling evidence.
controlled_tier_a_v0.3.2,TIERA_Q149,TIERA_030,How large is the combined daily capacity when Riverside Library Program's standard and reserve allocations are added?,multi-hop,answerable,1690,scope_demo,,,2,TIERA_030_U02;TIERA_030_U05,2,moderate,true,draft,Requires combining U01 standard capacity with U04 reserve capacity.
controlled_tier_a_v0.3.2,TIERA_Q150,TIERA_030,When is academic support available under the normal service plan for Riverside Library Program?,distractor-heavy,answerable,16:00-18:00,scope_demo,,,1,TIERA_030_U02;TIERA_030_U06,2,moderate,false,draft,Support query; conflict cases use contradictory support-window evidence.
controlled_tier_a_v0.3.2,TIERA_Q151,TIERA_031,What is the standard daily capacity of Cedar Water Facility?,lexical-anchor,conflict,Conflicting evidence; report uncertainty.,scope_demo,CG_TIERA_Q151,report_uncertainty,2,TIERA_031_U02;TIERA_031_U04,2,high,false,draft,Capacity question; review lexical overlap and conflict validity.
controlled_tier_a_v0.3.2,TIERA_Q152,TIERA_031,When are the regular routine inspection reviews scheduled for Cedar Water Facility?,semantic-paraphrase,answerable,08:30-10:30,scope_demo,,,1,TIERA_031_U05;TIERA_031_U06,2,moderate,false,draft,Routine-timing query; unanswerable subset deliberately omits cancellation information.
controlled_tier_a_v0.3.2,TIERA_Q153,TIERA_031,Which routine inspection reviews window is listed for Cedar Water Facility?,entity+attribute,answerable,08:30-10:30,scope_demo,,,1,TIERA_031_U01;TIERA_031_U05,2,moderate,false,draft,Attribute query; conflict cases use contradictory scheduling evidence.
controlled_tier_a_v0.3.2,TIERA_Q154,TIERA_031,"When the standard daily capacity and the reserve capacity are both available, what total daily capacity does Cedar Water Facility provide?",multi-hop,answerable,1722,scope_demo,,,2,TIERA_031_U02;TIERA_031_U05,2,moderate,true,draft,Requires combining U01 standard capacity with U04 reserve capacity.
controlled_tier_a_v0.3.2,TIERA_Q155,TIERA_031,During what hours is site support available for Cedar Water Facility?,distractor-heavy,answerable,10:00-12:00,scope_demo,,,1,TIERA_031_U02;TIERA_031_U06,2,moderate,false,draft,Support query; conflict cases use contradictory support-window evidence.
controlled_tier_a_v0.3.2,TIERA_Q156,TIERA_032,How many inspection cycles can Maple Solar Site handle in a normal day?,lexical-anchor,conflict,Conflicting evidence; report uncertainty.,scope_demo,CG_TIERA_Q156,report_uncertainty,2,TIERA_032_U02;TIERA_032_U04,2,high,false,draft,Capacity question; review lexical overlap and conflict validity.
controlled_tier_a_v0.3.2,TIERA_Q157,TIERA_032,What time window is used for routine inspection reviews at Maple Solar Site?,semantic-paraphrase,answerable,09:00-11:00,scope_demo,,,1,TIERA_032_U05;TIERA_032_U06,2,moderate,false,draft,Routine-timing query; unanswerable subset deliberately omits cancellation information.
controlled_tier_a_v0.3.2,TIERA_Q158,TIERA_032,What hours are specified for routine inspection reviews at Maple Solar Site?,entity+attribute,answerable,09:00-11:00,scope_demo,,,1,TIERA_032_U01;TIERA_032_U05,2,moderate,false,draft,Attribute query; conflict cases use contradictory scheduling evidence.
controlled_tier_a_v0.3.2,TIERA_Q159,TIERA_032,What is the combined daily capacity when the normal capacity and peak-demand reserve are counted together for Maple Solar Site?,multi-hop,answerable,1754,scope_demo,,,2,TIERA_032_U02;TIERA_032_U05,2,moderate,true,draft,Requires combining U01 standard capacity with U04 reserve capacity.
controlled_tier_a_v0.3.2,TIERA_Q160,TIERA_032,What is the listed support window for Maple Solar Site?,distractor-heavy,answerable,11:00-13:00,scope_demo,,,1,TIERA_032_U02;TIERA_032_U06,2,moderate,false,draft,Support query; conflict cases use contradictory support-window evidence.
controlled_tier_a_v0.3.2,TIERA_Q161,TIERA_033,"Under ordinary operating conditions, what daily volume is Harbor Recycling Center designed to handle?",lexical-anchor,answerable,1399,scope_demo,,,1,TIERA_033_U02;TIERA_033_U04,2,high,false,draft,Capacity question; review lexical overlap and conflict validity.
controlled_tier_a_v0.3.2,TIERA_Q162,TIERA_033,During which hours does the normal routine inspection reviews period run for Harbor Recycling Center?,semantic-paraphrase,answerable,09:30-11:30,scope_demo,,,1,TIERA_033_U05;TIERA_033_U06,2,moderate,false,draft,Routine-timing query; unanswerable subset deliberately omits cancellation information.
controlled_tier_a_v0.3.2,TIERA_Q163,TIERA_033,What is the scheduled routine inspection reviews period for Harbor Recycling Center?,entity+attribute,conflict,Conflicting evidence; report uncertainty.,scope_demo,CG_TIERA_Q163,report_uncertainty,2,TIERA_033_U01;TIERA_033_U05,2,moderate,false,draft,Attribute query; conflict cases use contradictory scheduling evidence.
controlled_tier_a_v0.3.2,TIERA_Q164,TIERA_033,"Adding the normal daily capacity to the extra reserve, what total daily capacity is available for Harbor Recycling Center?",multi-hop,answerable,1786,scope_demo,,,2,TIERA_033_U02;TIERA_033_U05,2,moderate,true,draft,Requires combining U01 standard capacity with U04 reserve capacity.
controlled_tier_a_v0.3.2,TIERA_Q165,TIERA_033,When can users access site support for Harbor Recycling Center?,distractor-heavy,answerable,13:00-15:00,scope_demo,,,1,TIERA_033_U02;TIERA_033_U06,2,moderate,false,draft,Support query; conflict cases use contradictory support-window evidence.
controlled_tier_a_v0.3.2,TIERA_Q166,TIERA_034,What level of daily throughput is specified for Northstar Flood Control Site under standard operations?,lexical-anchor,answerable,1422,scope_demo,,,1,TIERA_034_U02;TIERA_034_U04,2,high,false,draft,Capacity question; review lexical overlap and conflict validity.
controlled_tier_a_v0.3.2,TIERA_Q167,TIERA_034,What is the published window for routine inspection reviews at Northstar Flood Control Site?,semantic-paraphrase,answerable,10:00-12:00,scope_demo,,,1,TIERA_034_U05;TIERA_034_U06,2,moderate,false,draft,Routine-timing query; unanswerable subset deliberately omits cancellation information.
controlled_tier_a_v0.3.2,TIERA_Q168,TIERA_034,When is routine inspection reviews normally carried out at Northstar Flood Control Site?,entity+attribute,conflict,Conflicting evidence; report uncertainty.,scope_demo,CG_TIERA_Q168,report_uncertainty,2,TIERA_034_U01;TIERA_034_U05,2,moderate,false,draft,Attribute query; conflict cases use contradictory scheduling evidence.
controlled_tier_a_v0.3.2,TIERA_Q169,TIERA_034,"If the standard allocation and the reserve allocation are combined, what is the resulting daily capacity for Northstar Flood Control Site?",multi-hop,answerable,1818,scope_demo,,,2,TIERA_034_U02;TIERA_034_U05,2,moderate,true,draft,Requires combining U01 standard capacity with U04 reserve capacity.
controlled_tier_a_v0.3.2,TIERA_Q170,TIERA_034,Which hours are assigned to site support at Northstar Flood Control Site?,distractor-heavy,answerable,14:00-16:00,scope_demo,,,1,TIERA_034_U02;TIERA_034_U06,2,moderate,false,draft,Support query; conflict cases use contradictory support-window evidence.
controlled_tier_a_v0.3.2,TIERA_Q171,TIERA_035,How much inspection cycles can Juniper Air Monitoring Station process each day under its normal plan?,lexical-anchor,answerable,1445,scope_demo,,,1,TIERA_035_U02;TIERA_035_U04,2,high,false,draft,Capacity question; review lexical overlap and conflict validity.
controlled_tier_a_v0.3.2,TIERA_Q172,TIERA_035,When does the standard routine inspection reviews period take place at Juniper Air Monitoring Station?,semantic-paraphrase,answerable,13:00-15:00,scope_demo,,,1,TIERA_035_U05;TIERA_035_U06,2,moderate,false,draft,Routine-timing query; unanswerable subset deliberately omits cancellation information.
controlled_tier_a_v0.3.2,TIERA_Q173,TIERA_035,Which time range does Juniper Air Monitoring Station use for routine inspection reviews?,entity+attribute,conflict,Conflicting evidence; report uncertainty.,scope_demo,CG_TIERA_Q173,report_uncertainty,2,TIERA_035_U01;TIERA_035_U05,2,moderate,false,draft,Attribute query; conflict cases use contradictory scheduling evidence.
controlled_tier_a_v0.3.2,TIERA_Q174,TIERA_035,What total daily throughput is available when Juniper Air Monitoring Station's normal capacity and reserve are used together?,multi-hop,answerable,1850,scope_demo,,,2,TIERA_035_U02;TIERA_035_U05,2,moderate,true,draft,Requires combining U01 standard capacity with U04 reserve capacity.
controlled_tier_a_v0.3.2,TIERA_Q175,TIERA_035,What time range is published for site support at Juniper Air Monitoring Station?,distractor-heavy,answerable,15:00-17:00,scope_demo,,,1,TIERA_035_U02;TIERA_035_U06,2,moderate,false,draft,Support query; conflict cases use contradictory support-window evidence.
controlled_tier_a_v0.3.2,TIERA_Q176,TIERA_036,What is the normal one-day capacity listed for Riverside District Energy Plant?,lexical-anchor,answerable,1468,scope_demo,,,1,TIERA_036_U02;TIERA_036_U04,2,high,false,draft,Capacity question; review lexical overlap and conflict validity.
controlled_tier_a_v0.3.2,TIERA_Q177,TIERA_036,Which hours are reserved for routine inspection reviews at Riverside District Energy Plant?,semantic-paraphrase,answerable,14:00-16:00,scope_demo,,,1,TIERA_036_U05;TIERA_036_U06,2,moderate,false,draft,Routine-timing query; unanswerable subset deliberately omits cancellation information.
controlled_tier_a_v0.3.2,TIERA_Q178,TIERA_036,What operating window is recorded for routine inspection reviews at Riverside District Energy Plant?,entity+attribute,conflict,Conflicting evidence; report uncertainty.,scope_demo,CG_TIERA_Q178,report_uncertainty,2,TIERA_036_U01;TIERA_036_U05,2,moderate,false,draft,Attribute query; conflict cases use contradictory scheduling evidence.
controlled_tier_a_v0.3.2,TIERA_Q179,TIERA_036,How large is the combined daily capacity when Riverside District Energy Plant's standard and reserve allocations are added?,multi-hop,answerable,1882,scope_demo,,,2,TIERA_036_U02;TIERA_036_U05,2,moderate,true,draft,Requires combining U01 standard capacity with U04 reserve capacity.
controlled_tier_a_v0.3.2,TIERA_Q180,TIERA_036,When is site support available under the normal service plan for Riverside District Energy Plant?,distractor-heavy,answerable,16:00-18:00,scope_demo,,,1,TIERA_036_U02;TIERA_036_U06,2,moderate,false,draft,Support query; conflict cases use contradictory support-window evidence.
controlled_tier_a_v0.3.2,TIERA_Q181,TIERA_037,What is the standard daily capacity of Cedar Permit Office?,lexical-anchor,answerable,1491,scope_demo,,,1,TIERA_037_U02;TIERA_037_U04,2,high,false,draft,Capacity question; review lexical overlap and conflict validity.
controlled_tier_a_v0.3.2,TIERA_Q182,TIERA_037,When are the regular routine application reviews scheduled for Cedar Permit Office?,semantic-paraphrase,answerable,08:30-10:30,scope_demo,,,1,TIERA_037_U05;TIERA_037_U06,2,moderate,false,draft,Routine-timing query; unanswerable subset deliberately omits cancellation information.
controlled_tier_a_v0.3.2,TIERA_Q183,TIERA_037,Which routine application reviews window is listed for Cedar Permit Office?,entity+attribute,conflict,Conflicting evidence; report uncertainty.,scope_demo,CG_TIERA_Q183,report_uncertainty,2,TIERA_037_U01;TIERA_037_U05,2,moderate,false,draft,Attribute query; conflict cases use contradictory scheduling evidence.
controlled_tier_a_v0.3.2,TIERA_Q184,TIERA_037,"When the standard daily capacity and the reserve capacity are both available, what total daily capacity does Cedar Permit Office provide?",multi-hop,answerable,1914,scope_demo,,,2,TIERA_037_U02;TIERA_037_U05,2,moderate,true,draft,Requires combining U01 standard capacity with U04 reserve capacity.
controlled_tier_a_v0.3.2,TIERA_Q185,TIERA_037,During what hours is public assistance available for Cedar Permit Office?,distractor-heavy,answerable,10:00-12:00,scope_demo,,,1,TIERA_037_U02;TIERA_037_U06,2,moderate,false,draft,Support query; conflict cases use contradictory support-window evidence.
controlled_tier_a_v0.3.2,TIERA_Q186,TIERA_038,How many applications can Maple Civic Service Desk handle in a normal day?,lexical-anchor,answerable,1514,scope_demo,,,1,TIERA_038_U02;TIERA_038_U04,2,high,false,draft,Capacity question; review lexical overlap and conflict validity.
controlled_tier_a_v0.3.2,TIERA_Q187,TIERA_038,What time window is used for routine application reviews at Maple Civic Service Desk?,semantic-paraphrase,answerable,09:00-11:00,scope_demo,,,1,TIERA_038_U05;TIERA_038_U06,2,moderate,false,draft,Routine-timing query; unanswerable subset deliberately omits cancellation information.
controlled_tier_a_v0.3.2,TIERA_Q188,TIERA_038,What hours are specified for routine application reviews at Maple Civic Service Desk?,entity+attribute,conflict,Conflicting evidence; report uncertainty.,scope_demo,CG_TIERA_Q188,report_uncertainty,2,TIERA_038_U01;TIERA_038_U05,2,moderate,false,draft,Attribute query; conflict cases use contradictory scheduling evidence.
controlled_tier_a_v0.3.2,TIERA_Q189,TIERA_038,What is the combined daily capacity when the normal capacity and peak-demand reserve are counted together for Maple Civic Service Desk?,multi-hop,answerable,1946,scope_demo,,,2,TIERA_038_U02;TIERA_038_U05,2,moderate,true,draft,Requires combining U01 standard capacity with U04 reserve capacity.
controlled_tier_a_v0.3.2,TIERA_Q190,TIERA_038,What is the listed support window for Maple Civic Service Desk?,distractor-heavy,answerable,11:00-13:00,scope_demo,,,1,TIERA_038_U02;TIERA_038_U06,2,moderate,false,draft,Support query; conflict cases use contradictory support-window evidence.
controlled_tier_a_v0.3.2,TIERA_Q191,TIERA_039,"Under ordinary operating conditions, what daily volume is Harbor Grant Program designed to handle?",lexical-anchor,answerable,1537,scope_demo,,,1,TIERA_039_U02;TIERA_039_U04,2,high,false,draft,Capacity question; review lexical overlap and conflict validity.
controlled_tier_a_v0.3.2,TIERA_Q192,TIERA_039,During which hours does the normal routine application reviews period run for Harbor Grant Program?,semantic-paraphrase,answerable,09:30-11:30,scope_demo,,,1,TIERA_039_U05;TIERA_039_U06,2,moderate,false,draft,Routine-timing query; unanswerable subset deliberately omits cancellation information.
controlled_tier_a_v0.3.2,TIERA_Q193,TIERA_039,What is the scheduled routine application reviews period for Harbor Grant Program?,entity+attribute,conflict,Conflicting evidence; report uncertainty.,scope_demo,CG_TIERA_Q193,report_uncertainty,2,TIERA_039_U01;TIERA_039_U05,2,moderate,false,draft,Attribute query; conflict cases use contradictory scheduling evidence.
controlled_tier_a_v0.3.2,TIERA_Q194,TIERA_039,"Adding the normal daily capacity to the extra reserve, what total daily capacity is available for Harbor Grant Program?",multi-hop,answerable,1978,scope_demo,,,2,TIERA_039_U02;TIERA_039_U05,2,moderate,true,draft,Requires combining U01 standard capacity with U04 reserve capacity.
controlled_tier_a_v0.3.2,TIERA_Q195,TIERA_039,When can users access public assistance for Harbor Grant Program?,distractor-heavy,answerable,13:00-15:00,scope_demo,,,1,TIERA_039_U02;TIERA_039_U06,2,moderate,false,draft,Support query; conflict cases use contradictory support-window evidence.
controlled_tier_a_v0.3.2,TIERA_Q196,TIERA_040,What level of daily throughput is specified for Northstar Housing Support under standard operations?,lexical-anchor,answerable,1560,scope_demo,,,1,TIERA_040_U02;TIERA_040_U04,2,high,false,draft,Capacity question; review lexical overlap and conflict validity.
controlled_tier_a_v0.3.2,TIERA_Q197,TIERA_040,What is the published window for routine application reviews at Northstar Housing Support?,semantic-paraphrase,answerable,10:00-12:00,scope_demo,,,1,TIERA_040_U05;TIERA_040_U06,2,moderate,false,draft,Routine-timing query; unanswerable subset deliberately omits cancellation information.
controlled_tier_a_v0.3.2,TIERA_Q198,TIERA_040,When is routine application reviews normally carried out at Northstar Housing Support?,entity+attribute,conflict,Conflicting evidence; report uncertainty.,scope_demo,CG_TIERA_Q198,report_uncertainty,2,TIERA_040_U01;TIERA_040_U05,2,moderate,false,draft,Attribute query; conflict cases use contradictory scheduling evidence.
controlled_tier_a_v0.3.2,TIERA_Q199,TIERA_040,"If the standard allocation and the reserve allocation are combined, what is the resulting daily capacity for Northstar Housing Support?",multi-hop,answerable,2010,scope_demo,,,2,TIERA_040_U02;TIERA_040_U05,2,moderate,true,draft,Requires combining U01 standard capacity with U04 reserve capacity.
controlled_tier_a_v0.3.2,TIERA_Q200,TIERA_040,Which hours are assigned to public assistance at Northstar Housing Support?,distractor-heavy,answerable,14:00-16:00,scope_demo,,,1,TIERA_040_U02;TIERA_040_U06,2,moderate,false,draft,Support query; conflict cases use contradictory support-window evidence.
controlled_tier_a_v0.3.2,TIERA_Q201,TIERA_041,How many applications can Juniper Public Records Unit process each day under its normal plan?,lexical-anchor,answerable,1583,scope_demo,,,1,TIERA_041_U02;TIERA_041_U04,2,high,false,draft,Capacity question; review lexical overlap and conflict validity.
controlled_tier_a_v0.3.2,TIERA_Q202,TIERA_041,When does the standard routine application reviews period take place at Juniper Public Records Unit?,semantic-paraphrase,answerable,13:00-15:00,scope_demo,,,1,TIERA_041_U05;TIERA_041_U06,2,moderate,false,draft,Routine-timing query; unanswerable subset deliberately omits cancellation information.
controlled_tier_a_v0.3.2,TIERA_Q203,TIERA_041,Which time range does Juniper Public Records Unit use for routine application reviews?,entity+attribute,answerable,13:00-15:00,scope_demo,,,1,TIERA_041_U01;TIERA_041_U05,2,moderate,false,draft,Attribute query; conflict cases use contradictory scheduling evidence.
controlled_tier_a_v0.3.2,TIERA_Q204,TIERA_041,What total daily throughput is available when Juniper Public Records Unit's normal capacity and reserve are used together?,multi-hop,answerable,2042,scope_demo,,,2,TIERA_041_U02;TIERA_041_U05,2,moderate,true,draft,Requires combining U01 standard capacity with U04 reserve capacity.
controlled_tier_a_v0.3.2,TIERA_Q205,TIERA_041,What time range is published for public assistance at Juniper Public Records Unit?,distractor-heavy,conflict,Conflicting evidence; report uncertainty.,scope_demo,CG_TIERA_Q205,report_uncertainty,2,TIERA_041_U01;TIERA_041_U02,2,moderate,false,draft,Support query; conflict cases use contradictory support-window evidence.
controlled_tier_a_v0.3.2,TIERA_Q206,TIERA_042,What is the normal one-day capacity listed for Riverside Community Advisory Board?,lexical-anchor,answerable,1606,scope_demo,,,1,TIERA_042_U02;TIERA_042_U04,2,high,false,draft,Capacity question; review lexical overlap and conflict validity.
controlled_tier_a_v0.3.2,TIERA_Q207,TIERA_042,Which hours are reserved for routine application reviews at Riverside Community Advisory Board?,semantic-paraphrase,answerable,14:00-16:00,scope_demo,,,1,TIERA_042_U05;TIERA_042_U06,2,moderate,false,draft,Routine-timing query; unanswerable subset deliberately omits cancellation information.
controlled_tier_a_v0.3.2,TIERA_Q208,TIERA_042,What operating window is recorded for routine application reviews at Riverside Community Advisory Board?,entity+attribute,answerable,14:00-16:00,scope_demo,,,1,TIERA_042_U01;TIERA_042_U05,2,moderate,false,draft,Attribute query; conflict cases use contradictory scheduling evidence.
controlled_tier_a_v0.3.2,TIERA_Q209,TIERA_042,How large is the combined daily capacity when Riverside Community Advisory Board's standard and reserve allocations are added?,multi-hop,answerable,2074,scope_demo,,,2,TIERA_042_U02;TIERA_042_U05,2,moderate,true,draft,Requires combining U01 standard capacity with U04 reserve capacity.
controlled_tier_a_v0.3.2,TIERA_Q210,TIERA_042,When is public assistance available under the normal service plan for Riverside Community Advisory Board?,distractor-heavy,conflict,Conflicting evidence; report uncertainty.,scope_demo,CG_TIERA_Q210,report_uncertainty,2,TIERA_042_U01;TIERA_042_U02,2,moderate,false,draft,Support query; conflict cases use contradictory support-window evidence.
controlled_tier_a_v0.3.2,TIERA_Q211,TIERA_043,What is the standard daily capacity of Cedar Retail Service?,lexical-anchor,answerable,1629,scope_demo,,,1,TIERA_043_U02;TIERA_043_U04,2,high,false,draft,Capacity question; review lexical overlap and conflict validity.
controlled_tier_a_v0.3.2,TIERA_Q212,TIERA_043,When are the regular routine service checks scheduled for Cedar Retail Service?,semantic-paraphrase,answerable,08:30-10:30,scope_demo,,,1,TIERA_043_U05;TIERA_043_U06,2,moderate,false,draft,Routine-timing query; unanswerable subset deliberately omits cancellation information.
controlled_tier_a_v0.3.2,TIERA_Q213,TIERA_043,Which routine service checks window is listed for Cedar Retail Service?,entity+attribute,answerable,08:30-10:30,scope_demo,,,1,TIERA_043_U01;TIERA_043_U05,2,moderate,false,draft,Attribute query; conflict cases use contradictory scheduling evidence.
controlled_tier_a_v0.3.2,TIERA_Q214,TIERA_043,"When the standard daily capacity and the reserve capacity are both available, what total daily capacity does Cedar Retail Service provide?",multi-hop,answerable,2106,scope_demo,,,2,TIERA_043_U02;TIERA_043_U05,2,moderate,true,draft,Requires combining U01 standard capacity with U04 reserve capacity.
controlled_tier_a_v0.3.2,TIERA_Q215,TIERA_043,During what hours is customer support available for Cedar Retail Service?,distractor-heavy,conflict,Conflicting evidence; report uncertainty.,scope_demo,CG_TIERA_Q215,report_uncertainty,2,TIERA_043_U01;TIERA_043_U02,2,moderate,false,draft,Support query; conflict cases use contradictory support-window evidence.
controlled_tier_a_v0.3.2,TIERA_Q216,TIERA_044,How many orders can Maple Home Maintenance handle in a normal day?,lexical-anchor,answerable,1652,scope_demo,,,1,TIERA_044_U02;TIERA_044_U04,2,high,false,draft,Capacity question; review lexical overlap and conflict validity.
controlled_tier_a_v0.3.2,TIERA_Q217,TIERA_044,What time window is used for routine service checks at Maple Home Maintenance?,semantic-paraphrase,answerable,09:00-11:00,scope_demo,,,1,TIERA_044_U05;TIERA_044_U06,2,moderate,false,draft,Routine-timing query; unanswerable subset deliberately omits cancellation information.
controlled_tier_a_v0.3.2,TIERA_Q218,TIERA_044,What hours are specified for routine service checks at Maple Home Maintenance?,entity+attribute,answerable,09:00-11:00,scope_demo,,,1,TIERA_044_U01;TIERA_044_U05,2,moderate,false,draft,Attribute query; conflict cases use contradictory scheduling evidence.
controlled_tier_a_v0.3.2,TIERA_Q219,TIERA_044,What is the combined daily capacity when the normal capacity and peak-demand reserve are counted together for Maple Home Maintenance?,multi-hop,answerable,2138,scope_demo,,,2,TIERA_044_U02;TIERA_044_U05,2,moderate,true,draft,Requires combining U01 standard capacity with U04 reserve capacity.
controlled_tier_a_v0.3.2,TIERA_Q220,TIERA_044,What is the listed support window for Maple Home Maintenance?,distractor-heavy,conflict,Conflicting evidence; report uncertainty.,scope_demo,CG_TIERA_Q220,report_uncertainty,2,TIERA_044_U01;TIERA_044_U02,2,moderate,false,draft,Support query; conflict cases use contradictory support-window evidence.
controlled_tier_a_v0.3.2,TIERA_Q221,TIERA_045,"Under ordinary operating conditions, what daily volume is Harbor Travel Pass designed to handle?",lexical-anchor,answerable,1675,scope_demo,,,1,TIERA_045_U02;TIERA_045_U04,2,high,false,draft,Capacity question; review lexical overlap and conflict validity.
controlled_tier_a_v0.3.2,TIERA_Q222,TIERA_045,During which hours does the normal routine service checks period run for Harbor Travel Pass?,semantic-paraphrase,answerable,09:30-11:30,scope_demo,,,1,TIERA_045_U05;TIERA_045_U06,2,moderate,false,draft,Routine-timing query; unanswerable subset deliberately omits cancellation information.
controlled_tier_a_v0.3.2,TIERA_Q223,TIERA_045,What is the scheduled routine service checks period for Harbor Travel Pass?,entity+attribute,answerable,09:30-11:30,scope_demo,,,1,TIERA_045_U01;TIERA_045_U05,2,moderate,false,draft,Attribute query; conflict cases use contradictory scheduling evidence.
controlled_tier_a_v0.3.2,TIERA_Q224,TIERA_045,"Adding the normal daily capacity to the extra reserve, what total daily capacity is available for Harbor Travel Pass?",multi-hop,answerable,2170,scope_demo,,,2,TIERA_045_U02;TIERA_045_U05,2,moderate,true,draft,Requires combining U01 standard capacity with U04 reserve capacity.
controlled_tier_a_v0.3.2,TIERA_Q225,TIERA_045,When can users access customer support for Harbor Travel Pass?,distractor-heavy,conflict,Conflicting evidence; report uncertainty.,scope_demo,CG_TIERA_Q225,report_uncertainty,2,TIERA_045_U01;TIERA_045_U02,2,moderate,false,draft,Support query; conflict cases use contradictory support-window evidence.
controlled_tier_a_v0.3.2,TIERA_Q226,TIERA_046,What level of daily throughput is specified for Northstar Event Venue under standard operations?,lexical-anchor,answerable,1698,scope_demo,,,1,TIERA_046_U02;TIERA_046_U04,2,high,false,draft,Capacity question; review lexical overlap and conflict validity.
controlled_tier_a_v0.3.2,TIERA_Q227,TIERA_046,What is the published window for routine service checks at Northstar Event Venue?,semantic-paraphrase,answerable,10:00-12:00,scope_demo,,,1,TIERA_046_U05;TIERA_046_U06,2,moderate,false,draft,Routine-timing query; unanswerable subset deliberately omits cancellation information.
controlled_tier_a_v0.3.2,TIERA_Q228,TIERA_046,When is routine service checks normally carried out at Northstar Event Venue?,entity+attribute,answerable,10:00-12:00,scope_demo,,,1,TIERA_046_U01;TIERA_046_U05,2,moderate,false,draft,Attribute query; conflict cases use contradictory scheduling evidence.
controlled_tier_a_v0.3.2,TIERA_Q229,TIERA_046,"If the standard allocation and the reserve allocation are combined, what is the resulting daily capacity for Northstar Event Venue?",multi-hop,answerable,2202,scope_demo,,,2,TIERA_046_U02;TIERA_046_U05,2,moderate,true,draft,Requires combining U01 standard capacity with U04 reserve capacity.
controlled_tier_a_v0.3.2,TIERA_Q230,TIERA_046,Which hours are assigned to customer support at Northstar Event Venue?,distractor-heavy,conflict,Conflicting evidence; report uncertainty.,scope_demo,CG_TIERA_Q230,report_uncertainty,2,TIERA_046_U01;TIERA_046_U02,2,moderate,false,draft,Support query; conflict cases use contradictory support-window evidence.
controlled_tier_a_v0.3.2,TIERA_Q231,TIERA_047,How much orders can Juniper Delivery Subscription process each day under its normal plan?,lexical-anchor,answerable,1721,scope_demo,,,1,TIERA_047_U02;TIERA_047_U04,2,high,false,draft,Capacity question; review lexical overlap and conflict validity.
controlled_tier_a_v0.3.2,TIERA_Q232,TIERA_047,When does the standard routine service checks period take place at Juniper Delivery Subscription?,semantic-paraphrase,answerable,13:00-15:00,scope_demo,,,1,TIERA_047_U05;TIERA_047_U06,2,moderate,false,draft,Routine-timing query; unanswerable subset deliberately omits cancellation information.
controlled_tier_a_v0.3.2,TIERA_Q233,TIERA_047,Which time range does Juniper Delivery Subscription use for routine service checks?,entity+attribute,answerable,13:00-15:00,scope_demo,,,1,TIERA_047_U01;TIERA_047_U05,2,moderate,false,draft,Attribute query; conflict cases use contradictory scheduling evidence.
controlled_tier_a_v0.3.2,TIERA_Q234,TIERA_047,What total daily throughput is available when Juniper Delivery Subscription's normal capacity and reserve are used together?,multi-hop,answerable,2234,scope_demo,,,2,TIERA_047_U02;TIERA_047_U05,2,moderate,true,draft,Requires combining U01 standard capacity with U04 reserve capacity.
controlled_tier_a_v0.3.2,TIERA_Q235,TIERA_047,What time range is published for customer support at Juniper Delivery Subscription?,distractor-heavy,conflict,Conflicting evidence; report uncertainty.,scope_demo,CG_TIERA_Q235,report_uncertainty,2,TIERA_047_U01;TIERA_047_U02,2,moderate,false,draft,Support query; conflict cases use contradictory support-window evidence.
controlled_tier_a_v0.3.2,TIERA_Q236,TIERA_048,What is the normal one-day capacity listed for Riverside Meal Service?,lexical-anchor,answerable,1744,scope_demo,,,1,TIERA_048_U02;TIERA_048_U04,2,high,false,draft,Capacity question; review lexical overlap and conflict validity.
controlled_tier_a_v0.3.2,TIERA_Q237,TIERA_048,Which hours are reserved for routine service checks at Riverside Meal Service?,semantic-paraphrase,answerable,14:00-16:00,scope_demo,,,1,TIERA_048_U05;TIERA_048_U06,2,moderate,false,draft,Routine-timing query; unanswerable subset deliberately omits cancellation information.
controlled_tier_a_v0.3.2,TIERA_Q238,TIERA_048,What operating window is recorded for routine service checks at Riverside Meal Service?,entity+attribute,answerable,14:00-16:00,scope_demo,,,1,TIERA_048_U01;TIERA_048_U05,2,moderate,false,draft,Attribute query; conflict cases use contradictory scheduling evidence.
controlled_tier_a_v0.3.2,TIERA_Q239,TIERA_048,How large is the combined daily capacity when Riverside Meal Service's standard and reserve allocations are added?,multi-hop,answerable,2266,scope_demo,,,2,TIERA_048_U02;TIERA_048_U05,2,moderate,true,draft,Requires combining U01 standard capacity with U04 reserve capacity.
controlled_tier_a_v0.3.2,TIERA_Q240,TIERA_048,When is customer support available under the normal service plan for Riverside Meal Service?,distractor-heavy,conflict,Conflicting evidence; report uncertainty.,scope_demo,CG_TIERA_Q240,report_uncertainty,2,TIERA_048_U01;TIERA_048_U02,2,moderate,false,draft,Support query; conflict cases use contradictory support-window evidence.
